city,Meal at an Inexpensive Restaurant,"Meal for Two at a Mid-Range Restaurant (Three Courses, Without Drinks)",Combo Meal at McDonald's (or Equivalent Fast-Food Meal),Domestic Draft Beer (0.5 Liter),Imported Beer (0.33 Liter Bottle),Cappuccino (Regular Size),"Soft Drink (Coca-Cola or Pepsi, 0.33 Liter Bottle)",Bottled Water (0.33 Liter),"Milk (Regular, 1 Liter)",Fresh White Bread (500 g Loaf),White Rice (1 kg),"Eggs (12, Large Size)",Local Cheese (1 kg),Chicken Fillets (1 kg),Beef Round or Equivalent Back Leg Red Meat (1 kg),Apples (1 kg),Bananas (1 kg),Oranges (1 kg),Tomatoes (1 kg),Potatoes (1 kg),Onions (1 kg),Lettuce (1 Head),Bottled Water (1.5 Liter),Bottle of Wine (Mid-Range),Domestic Beer (0.5 Liter Bottle),"Cigarettes (Pack of 20, Marlboro)",One-Way Ticket (Local Transport),Monthly Public Transport Pass (Regular Price),Taxi Start (Standard Tariff),Taxi 1 km (Standard Tariff),Taxi 1 Hour Waiting (Standard Tariff),Gasoline (1 Liter),Volkswagen Golf 1.5 (or Equivalent New Compact Car),Toyota Corolla Sedan 1.6 (or Equivalent New Mid-Size Car),"Basic Utilities for 85 m2Apartment (Electricity, Heating, Cooling, Water, Garbage)","Mobile Phone Plan (Monthly, with Calls and 10GB+ Data)","Broadband Internet (Unlimited Data, 60 Mbps or Higher)",Monthly Fitness Club Membership,"Tennis Court Rental (1 Hour, Weekend)",Cinema Ticket (International Release),"Private Full-Day Preschool or Kindergarten, Monthly Fee per Child","International Primary School, Annual Tuition per Child",Jeans (Levi's 501 or Similar),Summer Dress in a Chain Store (e.g. Zara or H&M),Nike Running Shoes (Mid-Range),Men's Leather Business Shoes,1 Bedroom Apartment in City Centre,1 Bedroom Apartment Outside of City Centre,3 Bedroom Apartment in City Centre,3 Bedroom Apartment Outside of City Centre,Price per Square Meter to Buy Apartment in City Centre,Price per Square Meter to Buy Apartment Outside of Centre,Average Monthly Net Salary (After Tax),"Annual Mortgage Interest Rate (20-Year Fixed, in %)"
Paris,17.624250969333804,82.24650452355775,14.099400775467043,8.224650452355775,3.947832217130772,5.158030783691693,4.605804253319234,2.925625660909412,1.6096815885324876,2.1736576195511694,2.8433791563858537,5.228527787569028,25.555163905534016,16.179062389848433,22.23005522265304,3.5248501938667607,2.4908941369991777,3.0313711667254144,3.9830807190694397,2.150158618258724,2.526142638937845,1.8916696040418284,0.8577135471742451,9.39960051697803,2.6436376454000707,15.274350840089296,2.937375161555634,105.74550581600282,9.39960051697803,1.879920103395606,48.24344965338974,2.126659616966279,36305.956996827634,37397.685348372695,272.5766654917166,16.825284925390672,32.71060979908354,43.70814240394784,20.20914111150276,16.44930090471155,1508.0484079426626,24997.873340383034,113.3474327341088,50.099870755492894,118.91669604041827,160.96815885324875,1597.0743743390906,1204.5705557513807,3515.0628598284575,2373.3991305369523,14660.521677828692,9734.990012924452,3943.3909058864997,3.29
London,26.983270372369134,107.93308148947654,11.46788990825688,8.769562871019968,4.060982191041554,5.450620615218565,3.0491095520777116,2.1856449001619,1.8078791149487319,2.1991365353480843,2.307069616837561,4.9784133837021045,11.063140852671344,9.525094441446303,18.02482460874258,3.237992444684296,1.618996222342148,2.8872099298434972,3.318942255801403,1.5380464112250405,1.7269293038316245,1.5110631408526716,1.6864543982730709,13.491635186184567,3.359417161359957,23.947652455477606,4.51969778737183,269.83270372369134,5.666486778197518,3.3729087965461417,51.26821370750135,1.888828926065839,38984.0798704803,41212.02104695089,387.65515380464115,16.419320021586618,42.47166756610901,79.24986508364815,25.97139773340529,20.23745277927685,2473.5294117647063,30486.656772800863,120.35887749595251,53.96654074473827,120.54776038855908,143.0113329735564,2985.0242849433353,2321.0604425256342,5075.418240690772,3870.021586616298,19391.91851052348,10384.754452239613,4965.663788451161,4.69
Amsterdam,23.499001292445072,93.99600516978029,15.861825872400424,7.049700387733521,3.5013511925743157,4.641052755257902,4.03007872165433,3.2546116790036423,1.8094230995182705,2.7963811538009633,3.0783691693103044,5.569263306309482,15.180354834919516,14.804370814240395,24.50945834802021,3.5835976970978733,2.8668781576782987,2.5026436376454,4.088826224885443,2.1736576195511694,1.5744330865938199,1.4451885794853718,1.6096815885324876,7.049700387733521,1.997415109857831,15.274350840089296,3.994830219715662,111.62025613911409,4.876042768182353,3.5248501938667607,46.998002584890145,2.326401127952062,43461.40289037716,40135.318998942545,302.99612266478675,23.2522617788744,57.84279168135354,60.721419339678064,37.52790506403478,17.624250969333804,3018.0119844906594,20847.726471624956,95.99342027963812,49.57114322641288,114.04065327223594,125.97814592879803,2591.6696040418283,1941.017506755963,4038.244624603454,3057.960286687816,10949.864880742569,7379.81435788979,5195.687933262837,3.41
Barcelona,17.624250969333804,70.49700387733522,14.099400775467043,4.699800258489015,2.608389143461403,3.0783691693103044,2.702385148631183,1.9034191046880509,1.2571965691458113,2.020914111150276,1.8564211021031607,4.829044765597462,15.732581365291976,8.94136999177535,18.411467512630715,3.113617671248972,2.1854071201973917,2.2206556221360594,2.8786276583245214,2.150158618258724,1.9621666079191635,1.5509340853013749,0.8812125484666902,7.637175420044648,1.4216895781929269,7.343437903889085,3.113617671248972,25.84890142168958,3.5248501938667607,2.1854071201973917,35.18975443543649,1.7859240982258255,37010.92703560099,32428.6217835742,184.1029256256609,19.03419104688051,38.77335213253437,57.995535189754435,20.561626130889437,11.749500646222536,780.4135824227471,16388.755727881566,84.45541064504758,38.43261661379392,106.47397485606862,116.19081189049466,1704.594054752673,1302.9256256609096,2658.91199624016,2009.6580895311952,7116.86053342733,4937.727646575021,2431.089178709905,3.24
Madrid,17.624250969333804,70.49700387733522,12.336975678533662,4.112325226177887,2.45564563506051,3.0431206673716367,3.2311126777111974,2.079661614381389,1.292445071084479,1.597932087886265,1.9151686053342731,4.041828222300552,19.539419574668077,9.329103513100694,19.257431559158736,2.8433791563858537,2.5496416402302904,2.7493831512160734,2.9491246622018563,2.1619081189049467,2.279403125367172,1.4334390788391493,1.0339560568675832,8.812125484666902,1.4804370814240395,7.049700387733521,1.7624250969333803,41.12325226177887,3.759840206791212,1.5861825872400424,30.25496416402303,1.8564211021031607,35248.50193866761,33478.2399248032,207.7194219245682,19.116437551404065,34.79027141346493,52.68476089766185,16.98977793443779,11.749500646222536,717.4127599577018,17997.88508988368,103.52485019386677,41.06450475854777,106.86170837739397,123.02902126659616,1491.7636000469981,1176.9122312301727,2844.3661144401367,1847.045000587475,9354.552931500411,4671.389965926449,2609.1998590059925,3.17
Rome,17.624250969333804,70.49700387733522,11.749500646222536,5.874750323111268,2.8668781576782987,2.3381506285982847,2.902126659616967,1.5509340853013749,1.8681706027493834,2.0914111150276113,3.1253671718951948,4.993537774644578,17.436258958994244,12.242979673363882,20.549876630243215,2.6671366466925157,2.3968981318293974,2.5026436376454,2.2911526260133943,1.7506755962871579,1.9504171072729408,1.3746915756080367,0.5757255316649043,4.699800258489015,1.6331805898249323,7.284690400657973,1.7624250969333803,41.12325226177887,5.874750323111268,1.7624250969333803,35.24850193866761,1.9621666079191635,30548.701680178594,33220.43238162378,215.35659734461285,12.137234167547879,33.45082833979556,72.32992597814594,26.154388438491367,11.749500646222536,544.3661144401364,14069.745035835978,70.19151686053343,36.94043003172366,85.70085771354718,126.30713194689226,1346.8452590764894,948.6664316766537,2641.2877452708262,1843.7668899071791,9055.939372576666,3710.0223240512278,2120.1033956056867,3.43
Milan,23.499001292445072,99.87075549289156,14.099400775467043,7.049700387733521,3.0078721654329694,2.3146516273058397,3.5600986958054284,1.9386676066267183,1.797673598872048,2.937375161555634,3.4778521912818707,5.346022794031254,21.478087181294796,14.886617318763953,23.945482317001527,3.0548701680178594,2.4908941369991777,3.2546116790036423,4.100575725531665,2.6318881447538485,2.4203971331218423,2.020914111150276,0.5404770297262367,9.39960051697803,2.2089061214898367,7.284690400657973,2.584890142168958,45.82305252026789,8.10715544589355,2.937375161555634,64.62225355422395,2.0914111150276113,38108.330395958175,37069.6745388321,260.26318881447537,11.244272118434967,30.20796616143814,92.11608506638468,37.86864058277523,12.92445071084479,844.0018799201034,18652.026788861473,111.54975913523676,58.74750323111268,111.06802960874164,161.55563388555987,1729.5264951239574,1213.84091176125,3514.1698977793444,2112.360474679826,10977.405710257315,5383.057220068148,2258.9354952414524,3.11
Berlin,17.624250969333804,82.24650452355775,14.099400775467043,5.2872752908001415,1.797673598872048,4.605804253319234,3.8303372106685463,3.0783691693103044,1.3276935730231465,2.279403125367172,3.4308541886969803,4.147573728116555,13.876160263188815,13.28868523087769,18.38796851133827,3.571848196451651,1.997415109857831,2.902126659616967,3.160615673833862,2.3616496298907297,1.774174597579603,1.5744330865938199,1.010457055575138,7.049700387733521,1.3159440723769242,10.574550581600283,4.699800258489015,74.02185407120197,5.874750323111268,3.28986018094231,38.77335213253437,2.0091646105040537,34537.65714957115,39732.616613793914,391.78709904829043,21.290095170955237,50.7813417929738,38.162378098930795,35.48349195159206,15.861825872400424,133.80331335918223,13250.0763717542,84.24391963341559,39.830807190694394,99.03654094700977,112.84220420632124,1543.3439078839149,1086.3588297497356,2780.719069439549,2072.952649512396,8414.827869815534,5827.282340500529,3620.7731171425216,3.45
Vienna,21.73657619551169,93.99600516978029,14.099400775467043,6.462225355422395,2.0444131124427214,5.393020796616144,3.8420867113147694,3.3838561861120904,1.774174597579603,2.7963811538009633,3.0078721654329694,4.876042768182353,20.056397603101868,14.628128304547056,24.96768887322289,3.4308541886969803,2.4908941369991777,3.3368581835272,4.617553753965457,2.2676536247209493,2.079661614381389,2.079661614381389,0.9752085536364704,8.51838796851134,1.4804370814240395,7.637175420044648,3.5248501938667607,59.92245329573493,5.6397603101868174,2.2324051227822816,46.998002584890145,1.8329221008107157,31124.427211843496,30987.34578780402,339.0905886499824,15.321348842674185,37.84514158148279,42.35694982963224,28.104805545764307,14.099400775467043,373.04664551756554,28804.876042768185,96.56914581130302,41.499236282458,93.63177064974738,166.70191516860532,1297.79109387851,939.4313241687228,2450.1116202561393,1631.1126777111974,13880.072846904008,6507.15544589355,3523.8749853131244,3.38
Lisbon,15.274350840089296,58.74750323111268,11.749500646222536,3.5248501938667607,2.5026436376454,2.678886147338738,2.561391140876513,1.6214310891787098,1.2336975678533664,1.8329221008107157,1.6919280930560452,4.12407472682411,12.477969686288333,8.095405945247327,16.296557396310657,2.2441546234285044,1.774174597579603,2.0326636117964987,2.4203971331218423,1.8211726001644932,1.9621666079191635,1.7506755962871579,0.8812125484666902,5.874750323111268,1.3159440723769242,6.814710374809071,2.3499001292445074,46.998002584890145,4.112325226177887,1.1514510633298085,17.389260956409355,2.103160615673834,35304.899541769475,41129.17401010457,178.2046763012572,20.561626130889437,36.670191516860534,49.089413699917756,20.267888614733874,9.39960051697803,621.1843496651393,16971.331218423216,111.984490659147,50.13511925743156,113.82916226060392,133.13359182234757,1609.6815885324875,1227.1648454940666,3045.834802020914,1992.7153095993422,7827.188344495359,4292.092586065092,1607.3669369051815,3.53
Athens,17.624250969333804,70.49700387733522,10.574550581600283,5.874750323111268,2.784631653154741,4.135824227470333,2.6436376454000707,0.6227235342497944,1.797673598872048,1.5156855833627072,3.442603689343203,4.594054752673012,15.086358829749736,11.232522617788746,18.376219010692047,2.3499001292445074,2.126659616966279,1.468687580777817,2.279403125367172,1.2806955704382565,1.2806955704382565,1.1162025613911408,0.9517095523440254,11.162025613911409,2.020914111150276,5.874750323111268,1.4099400775467044,31.723651744800847,4.699800258489015,1.0574550581600282,17.624250969333804,2.103160615673834,29350.252614263896,29272.41217248267,204.97003877335212,26.565620961109154,34.66102690635648,56.08036658442016,27.34108800375984,10.574550581600283,666.1261896369405,14114.604629303256,103.2781106802961,43.755140406532725,108.45964046528023,128.71577957936788,738.491364117025,616.155563388556,1335.2720009399602,1110.6685465867702,4169.76853483727,3570.379508870873,1357.2318176477502,4.42
Dublin,23.499001292445072,105.74550581600282,14.099400775467043,8.224650452355775,3.7245917048525436,4.981788273998355,3.113617671248972,2.4203971331218423,1.7624250969333803,2.5496416402302904,2.4438961344142878,4.641052755257902,10.198566560921162,11.232522617788746,15.509340853013747,3.1488661731876397,2.1384091176125017,2.913876160263189,5.6397603101868174,1.7859240982258255,1.5861825872400424,1.3511925743155915,2.150158618258724,14.099400775467043,4.147573728116555,22.324051227822817,2.3499001292445074,112.79520620373634,5.2872752908001415,1.5861825872400424,35.24850193866761,2.126659616966279,40923.510750793095,39973.96310656797,246.10504053577725,20.972858653507227,55.44589354952414,59.87545529315005,22.01856421102103,15.274350840089296,1298.6605569263306,12264.774997062625,115.42709434849019,51.78004934790272,117.1542709434849,107.06144988837976,2540.324286217836,2150.158618258724,4436.8346845259075,3489.0964634003058,7957.502056162613,5990.330160968159,4231.2654212195985,3.8
Brussels,23.499001292445072,93.99600516978029,15.274350840089296,5.874750323111268,2.8198801550934087,4.535307249441899,3.3838561861120904,3.1723651744800847,1.3981905769004817,2.913876160263189,2.784631653154741,4.876042768182353,16.237809893079547,14.017154270943486,21.77182469745036,3.0196216660791917,2.561391140876513,2.6906356479849607,3.971331218423217,2.7141346492774057,2.45564563506051,1.6566795911173775,1.163200563976031,9.39960051697803,2.4908941369991777,14.099400775467043,2.937375161555634,64.62225355422395,3.0548701680178594,2.1149101163200563,42.29820232640113,1.9269181059804958,37210.66854658677,35213.25343672894,257.7722946774762,22.23005522265304,56.60909411350018,38.85559863705792,28.316296557396313,16.331805898249325,1559.699212783457,37485.336623193514,97.16837034426038,46.51627305839502,113.82916226060392,150.49935377746448,1353.9772059687461,1122.5002937375161,2470.1915168605337,1954.2826929855482,5114.99236282458,3864.774997062625,3563.071319468923,3.49
Zurich,51.05948429920858,319.1217768700536,44.677048761807505,22.97676793464386,15.266785805463366,21.113096757722747,8.463109522593822,5.65483788613735,9.34388562675517,7.301506254786826,9.867245340822059,18.39417921878989,69.17283635435282,34.69491958131223,58.239724278784784,16.41562420219556,9.790656114373245,10.020423793719683,10.492724023487364,6.803676282869543,7.250446770487618,6.318611182027062,4.084758743936686,63.82435537401072,9.688537145774827,33.826908348225686,5.744191983660965,255.2974214960429,11.48838396732193,5.105948429920858,63.82435537401072,7.812101097778913,165762.43298442685,162225.04467704878,613.3903497574674,87.36277763594587,135.60122542762318,307.55680367628287,131.29946387541486,60.314015828440134,3899.476640285933,78073.99795762062,390.5539954046464,291.3454174112842,519.3004850651008,575.095736533061,5844.17921878989,4002.1189685984177,12030.890988001021,6862.803165688027,23904.269849374523,14068.445238703089,9302.986979831503,2.08
Geneva,51.05948429920858,319.1217768700536,44.677048761807505,22.97676793464386,15.266785805463366,21.113096757722747,8.463109522593822,5.65483788613735,9.34388562675517,7.301506254786826,9.867245340822059,18.39417921878989,69.17283635435282,34.69491958131223,58.239724278784784,16.41562420219556,9.790656114373245,10.020423793719683,10.492724023487364,6.803676282869543,7.250446770487618,6.318611182027062,4.084758743936686,63.82435537401072,9.688537145774827,33.826908348225686,5.744191983660965,255.2974214960429,11.48838396732193,5.105948429920858,63.82435537401072,7.812101097778913,165762.43298442685,162225.04467704878,613.3903497574674,87.36277763594587,135.60122542762318,307.55680367628287,131.29946387541486,60.314015828440134,3899.476640285933,78073.99795762062,390.5539954046464,291.3454174112842,519.3004850651008,575.095736533061,5844.17921878989,4002.1189685984177,12030.890988001021,6862.803165688027,23904.269849374523,14068.445238703089,9302.986979831503,2.22
Copenhagen,23.630606361359234,126.02990059391591,14.17836381681554,9.452242544543694,2.5946405784772435,7.20891031397199,4.927769113222112,3.5508924492335807,2.3000456858389655,4.88680939552909,3.2704759204121183,5.49332829213731,17.25821951257936,13.430061282039164,18.334199788899916,3.568221560565244,3.5067819840257104,4.031381445247885,5.958063550577375,2.7001906202246486,2.22600311924004,2.3630606361359234,1.7029790317752889,11.815303180679617,1.9818201868393277,10.16116073538447,3.7808970178174772,118.15303180679616,6.143957653953401,1.8904485089087386,79.16253131055343,2.2590859681459428,52774.23318682358,55661.98150511209,177.10824393087262,14.734470753186194,43.0470879216094,63.26070860311609,34.788978685193065,20.479858846511338,828.7300912141405,13060.872441986861,123.17374797170629,54.481150652992426,139.89318965924667,196.44910755076643,1966.1373410841725,1393.8213841233833,3569.611040219292,2454.9569135277347,10763.66242891126,7296.450682924525,5040.02552105487,3.78
Stockholm,18.39676042845946,114.29939911173038,11.97422276408604,8.164242793695026,2.5047896891056345,5.464599843246538,3.8306627188017064,3.012061308020552,1.858181659844988,4.122398327963075,4.107158408081511,5.244709570669685,14.434381259252806,14.83932770182008,21.240094052076984,3.741400330923974,3.132892101367238,3.450753287468431,4.956239658625794,2.024732212836367,2.0301750413654966,2.7910824697378733,1.850561699904206,14.151354175738046,2.357833318819124,8.490812505442827,4.680832535051815,115.38796481755638,6.422537664373421,1.6328485587390054,61.5039623791692,1.8690673169032483,35911.78263519986,36809.24409997387,293.8093268309675,24.956457371766955,44.102151005834706,49.8116781328921,38.57659148306191,19.594182704868064,173.84394322041277,17852.477575546458,111.0979273708961,52.134677349124786,132.71684228860053,211.7271183488635,1813.1411652007316,1126.8364103457284,2858.474484019855,1980.4635112775406,12137.714447444047,6700.541017155795,3905.5451537054773,3.28
Oslo,26.64052343300441,127.87451247842118,15.984314059802648,12.6808891541101,4.374373947699324,5.5881161953070055,4.244368193346263,3.5272053025297843,2.5628183542550245,4.155921655548688,3.907631977153087,5.479422859700348,14.07685258199953,16.376462564736475,34.918266874107545,3.719017071247416,2.756761364847297,3.7424607318684595,5.700006393725624,2.77594254171906,3.0327571876132224,3.014641631678779,2.585196393938748,18.861490590567122,3.4728586347264554,18.64836640310309,4.6887321242087765,84.18405404829394,12.148078685450011,1.864836640310309,70.97035442552375,2.312397433984783,49007.90690735492,44968.60680718655,356.9148142622706,32.89998081882313,56.56955307857889,58.899000447560795,28.416913535517146,20.140235715351334,267.4708552673643,15819.73529975917,105.90247437181645,65.26928241086081,133.20261716502205,167.6306984079623,1964.0725900982502,1561.8294580251913,2818.0782592016367,2331.055390976322,11285.894375652693,7729.303510155368,4393.668080390444,5.28
Helsinki,17.624250969333804,105.74550581600282,15.274350840089296,9.39960051697803,4.382563741041006,5.534014804370814,3.5013511925743157,2.8786276583245214,1.4569380801315945,2.8551286570320764,2.7963811538009633,3.994830219715662,10.703795088708729,14.73387381036306,22.371049230407706,3.0313711667254144,2.2559041240747266,2.7141346492774057,4.382563741041006,1.2806955704382565,1.8211726001644932,2.1971566208436144,1.8681706027493834,16.44930090471155,3.6893432029138764,13.981905769004818,3.759840206791212,84.71389965926448,11.749500646222536,1.339443073669369,80.36658442016216,2.0561626130889437,38427.91681353543,39154.37668899072,131.73540124544706,29.79673363882035,26.50687345787804,48.90142168957819,37.96263658794501,19.97415109857831,518.2822230055223,15227.517330513452,105.40477029726236,43.20291387616027,113.04194571730702,154.9054165197979,1266.1731876395254,918.8109505346023,2241.334743273411,1635.8007284690402,9752.426271883447,4961.532134884268,3193.8197626600872,3.91
Porto,13.218188227000352,58.74750323111268,9.39960051697803,3.5248501938667607,2.3616496298907297,2.5143931382916227,2.4908941369991777,1.4334390788391493,1.139701562683586,1.6096815885324876,1.6214310891787098,3.6070966983903183,13.15944072376924,7.390435906473975,16.167312889202208,2.2676536247209493,1.4804370814240395,1.8094230995182705,2.5966396428151803,1.7154270943484902,1.9151686053342731,1.7859240982258255,0.7872165432969099,5.874750323111268,1.3041945717307015,6.7559628715779585,1.8211726001644932,46.998002584890145,4.112325226177887,0.8812125484666902,17.624250969333804,2.0326636117964987,35299.02479144636,37245.917048525436,141.94571730701446,15.861825872400424,38.843849136411706,48.266948654682174,16.308306896956882,9.39960051697803,590.0011749500646,11003.407355187404,111.56150863588299,36.79943602396898,94.79497121372343,109.27035600986959,1291.7166020444133,951.7095523440254,2237.9391375866526,1656.6795911173776,5403.383856186112,3995.817177769945,1543.3086593819762,3.67
Prague,12.094413832139212,58.05318639426822,10.643084172282506,2.9026593197134107,2.077336519808231,4.037599113721354,2.0207346630738194,1.5059964103779746,1.2776538772271864,1.6946692661593463,2.665608808603482,3.958259758982521,12.782827867464576,9.038881121587561,15.910443284455775,2.1779620428916293,1.9515546159539834,2.3845346311445668,3.995994330138795,1.3052291407644638,1.310550682850605,1.8639910598092952,0.879021997319878,7.256648299283527,1.2699134523746172,8.08922774748799,1.886728557813717,26.607710430706266,2.9026593197134107,1.717406764163768,18.86728557813717,1.7691708553653238,32795.212547228686,34158.84270972923,355.9221506770453,31.595446695080476,25.75819880313681,64.06943161092754,17.65203887628382,12.094413832139212,1070.1137358676774,17704.96064477739,89.42270943896433,52.596186873207,114.75276599244341,137.4844586782257,1225.6111307309382,1052.1728823890821,2491.4492494206775,1686.3067046592519,10142.025185407365,7482.273459534509,2367.4544161542667,4.63
Budapest,12.987287069369971,71.43007888153484,10.389829655495976,3.636440379423592,2.1345255662863014,3.5484190413109373,1.9147157326372148,1.7557838071257998,1.2873648307512984,1.8177981028820414,2.642685641093075,3.971966940860765,11.787261744160187,7.673473628501901,14.988822816065925,2.327029628872038,2.234949763550205,2.527975428052865,3.5466657575565717,1.13314079680253,1.1962265437419946,1.6830874677550014,0.6517020651409852,5.617001657502512,1.331716416093197,8.117054418356233,1.6234108836712464,29.221395906082435,3.571503944076742,1.4286015776306968,21.429023664460452,1.9007219308199685,31818.85331995643,37945.09335424287,161.53993509603288,27.307459410669384,24.299214106791215,80.23847905881131,18.853222551774632,10.065147478761729,531.8603152339253,16263.822191052732,113.04696365345374,47.1850217618229,121.45918663867907,133.72645851292316,919.298394284295,695.4692225647619,1692.1280806250782,1291.6704086287536,6039.088487257037,4337.212733385608,1749.2686046945796,6.93
Warsaw,11.809163911195087,56.96184945399983,9.725193809219483,5.279390925004862,2.083970101975604,4.595848731556864,2.5674511656339436,2.3812831698574564,1.1531301230931674,1.525466114646142,1.911695240212287,4.023451610214233,10.678262802522994,7.552307649559587,15.890966684264637,1.4560004445802885,1.8727944649754091,2.1812220400677984,3.2009780766345273,1.0280919169746312,1.1309011086720944,1.6338325599488732,0.7418933563033149,8.335880407902415,1.3448553724749228,6.52699435938759,1.222595793159021,30.564894828975522,2.7786268026341383,1.3893134013170692,13.893134013170691,1.7060768568173608,33314.346050182,33450.962794187115,352.7883519964434,9.833560254522215,19.108616521714968,50.893328517046875,28.580955291894746,9.725193809219483,612.9817444219067,15870.118647364472,110.20589624607518,47.91464058462308,108.29975825946816,125.18547333907583,1221.3315179638223,963.7889355080719,2094.206563116508,1515.7409208369224,6371.755258551224,4096.737892133708,2293.9509294506656,7.04
Bucharest,13.88278303523913,67.1001180036558,7.9826002452625,3.4706957588097826,1.8302135634790253,3.382771466253268,2.332307549920174,2.07547606376825,1.693699530299174,1.3119229968300978,1.7145237048520325,3.8709826696591776,10.162197181795044,7.607765103311044,12.846201901941276,1.4206714639394709,1.7746824313380687,1.7006409218167933,2.3531317244730325,0.8445359679770471,0.8422221708045072,0.9116360859807029,0.9625396237765798,7.172771234873551,1.307295402485018,6.941391517619565,1.0412087276429347,20.824174552858693,0.6941391517619565,0.6941391517619565,6.941391517619565,1.788565214373308,30046.574423286052,29405.377264628984,201.3581989402809,7.598509914620885,10.69205673430667,53.40012494504731,27.314375621832987,9.25518869015942,720.8241745528586,15256.778268816955,91.90633749045557,41.305907124181495,94.12989657326638,107.41109234364515,672.454244660913,445.32497281288323,1235.581572919318,787.6558920844998,4114.7250052060435,2340.3294847173697,1504.736342812189,7.09
Sofia,12.92445071084479,58.74750323111268,11.291270121019856,3.3016096815885327,1.8094230995182705,3.113617671248972,2.2441546234285044,1.644930090471155,1.9856656092116085,1.4451885794853718,2.302902126659617,3.9595817177769947,12.454470684995888,8.800375984020679,15.274350840089296,2.0444131124427214,2.0561626130889437,1.879920103395606,3.160615673833862,1.0809540594524734,0.9517095523440254,1.0809540594524734,0.7872165432969099,7.5079309129362,1.1279520620373633,4.206321231347668,0.9634590529902479,30.008224650452355,1.797673598872048,1.010457055575138,14.416637292915052,1.5391845846551522,31548.419692163086,29009.188109505347,162.54259193984257,19.210433556573847,14.35788978968394,46.05804253319234,25.625660909411348,10.574550581600283,702.7846316531547,12068.628833274586,87.81576782986723,41.51098578310422,110.25731406415228,116.98977793443778,786.4058277523205,608.1894019504172,1440.3477852191284,1002.0914111150277,4397.779344377864,3029.8554811420518,1687.9332628363295,2.95
Belgrade,13.517805311442194,60.302477225764434,12.060495445152887,3.5176445048362583,1.6724892058565766,2.967987424923416,2.984168589645663,2.347675942527719,1.4541942382993092,1.062127632203131,2.928790814726669,2.74677783763357,10.628814131684528,7.5061508526770275,15.112303313420115,1.7004293536378474,2.0728976546356526,2.0613396798340475,2.295614803856142,1.0236345509073512,0.8057415998649224,0.8748884404171323,0.7220216606498195,8.040330296768591,0.9200147942077461,4.824198178061154,0.0,0.0,3.2161321187074363,1.0552933514508775,18.09074316772933,1.8875680412951363,32151.612990761656,26477.612604825805,236.42299775674783,22.431516486697273,40.00325633377019,43.220695006150855,26.583342043691154,8.25792173542489,458.8198403190403,10186.68752462351,120.28082863644038,47.17985414840841,116.53634631310653,151.19238098301076,903.2850779510022,613.538308153699,1696.9937205020383,1119.1839265757037,5242.860789721241,3108.3953108793708,1275.151560226094,4.84
Zagreb,14.099400775467043,70.49700387733522,9.39960051697803,3.5248501938667607,2.537892139584068,2.5143931382916227,2.984373164140524,2.7141346492774057,1.4334390788391493,1.8329221008107157,3.1018681706027498,4.21807073199389,13.47667724121725,11.984490659146985,14.017154270943486,1.9856656092116085,1.8211726001644932,2.103160615673834,3.0078721654329694,1.4804370814240395,1.3159440723769242,1.2571965691458113,1.339443073669369,8.224650452355775,1.7506755962871579,5.874750323111268,0.6227235342497944,57.57255316649043,2.3499001292445074,1.1749500646222537,10.457055575138057,1.7506755962871579,31083.89143461403,27366.59616966279,217.68299847256495,22.183057220068147,41.42873927858066,55.293150041123255,18.599459522970275,9.39960051697803,505.79250381858776,11297.144871342969,102.57314064152274,40.53577722946775,100.08224650452357,114.63987780519328,884.3026671366467,672.071436963929,1501.3276935730232,1111.561508635883,5470.861238397369,3518.4467160145696,1932.675361297145,3.23
Tallinn,17.624250969333804,93.99600516978029,11.749500646222536,7.049700387733521,2.479144636352955,4.594054752673012,2.326401127952062,2.4321466337680646,1.1866995652684762,1.5744330865938199,3.2546116790036423,3.1018681706027498,12.724709199859007,9.881330043473152,25.437668899071788,2.4203971331218423,1.6096815885324876,2.8668781576782987,3.442603689343203,1.0222065562213607,0.986958054282693,2.1384091176125017,1.0457055575138057,11.667254141698978,1.997415109857831,7.049700387733521,2.3499001292445074,35.24850193866761,4.699800258489015,1.1749500646222537,19.97415109857831,1.8916696040418284,31993.890259663967,34661.026906356485,345.1298319821408,18.7169545294325,34.543531899894255,53.918458465515215,43.03842086711315,12.92445071084479,635.0605099283281,10769.709787334039,113.17119022441545,51.216073316884035,115.03936082716484,150.51110327811068,815.203853836212,593.714017154271,1568.5583362707087,1073.9043590647398,5388.520737868641,3646.3165315474093,2194.1604981788273,3.67
Riga,14.099400775467043,70.49700387733522,8.224650452355775,5.874750323111268,2.2911526260133943,3.618846199036541,1.9269181059804958,1.3746915756080367,1.1984490659146987,1.6331805898249323,2.6906356479849607,3.7128422042063214,10.950534602279404,8.588884972388673,13.370931735401246,1.9504171072729408,2.0561626130889437,2.655387146046293,3.736341205498767,1.1749500646222537,1.0927035600986958,1.7624250969333803,0.939960051697803,8.224650452355775,1.973916108565386,5.874750323111268,1.7624250969333803,35.24850193866761,3.5248501938667607,0.8812125484666902,19.915403595347197,1.8329221008107157,28654.68217600752,31766.37292915051,364.61050405357776,22.71178474914816,21.948067207143698,53.53072494418988,33.54482434496534,11.279520620373635,633.1218423217014,18216.249559393727,75.99577017976738,47.26824109975326,86.75831277170721,136.9639290330161,614.2638937845142,405.7807543179415,1150.5816002819881,775.6432851603807,3201.903419104688,2095.8876747738223,1621.4075901774174,4.77
Vilnius,14.099400775467043,76.37175420044649,8.224650452355775,5.874750323111268,2.1971566208436144,3.6775937022676537,2.0561626130889437,2.608389143461403,1.5274350840089297,1.5861825872400424,2.6201386441076253,3.160615673833862,11.573258136529198,7.578427916813536,12.383973681118553,1.7036775937022677,1.597932087886265,2.0679121137351664,3.219363177064975,0.8929620491129128,0.9282105510515803,1.7506755962871579,0.9164610504053579,9.39960051697803,1.7036775937022677,6.4034778521912825,1.1749500646222537,44.648102455645635,3.2311126777111974,1.292445071084479,14.804370814240395,1.7036775937022677,28654.68217600752,32781.10680296087,246.89225707907414,14.68687580777817,19.233932557866293,44.789096463400305,36.693690518152984,9.987075549289155,640.0305487016802,12239.25508165903,84.20867113147692,43.96663141816473,105.8864998237575,133.80331335918223,857.2318176477501,653.3427329338502,1498.6135589237458,1019.8449065914699,6277.370461755376,3485.6891082129014,1940.911761250147,4.21
Ljubljana,17.624250969333804,70.49700387733522,10.574550581600283,3.5248501938667607,2.150158618258724,2.7728821525085183,3.1841146751263074,2.0679121137351664,1.5274350840089297,2.2559041240747266,3.313359182234755,3.924333215838327,15.415344847843967,10.739043590647398,13.80566325931148,2.1619081189049467,1.774174597579603,2.2911526260133943,3.6070966983903183,1.4216895781929269,1.6801785924098225,1.8564211021031607,0.9634590529902479,7.637175420044648,1.5744330865938199,6.344730348960169,1.7624250969333803,43.47315239102338,2.2911526260133943,1.2806955704382565,19.962401597932086,1.7859240982258255,30722.594289742687,25844.988837974386,337.63365056985083,19.151686053342736,44.31911643755141,54.917166020444135,20.878862648337446,9.39960051697803,641.4169897779344,14305.017036775938,112.407472682411,43.56714839619316,112.03148866173187,145.74080601574434,1098.0848313946658,884.5141581482786,2149.629890729644,1545.0593349782635,6583.303959581718,5011.467512630714,1953.0137469157562,3.73
Bangkok,3.7433555439095603,37.4335554390956,7.798657383144917,3.1194629532579667,3.3378253599860246,2.9453969204661723,0.7224676199745451,0.4404681690000249,1.9374984402685231,1.7534501260263031,1.4439994010631128,2.6350103566170047,17.027276584063287,3.291033415687155,10.634561153951736,3.6110903146914226,1.8869631404257443,2.302787552095031,1.9970801826757503,1.6261760375333782,1.4861121509320954,1.3248359162486585,0.6064235981133488,17.157046242918817,1.8482817998053453,4.67919442988695,1.2477851813031868,36.029797110129515,1.0918120336402883,1.2477851813031868,6.2389259065159335,1.2150308202939781,32754.361009208653,27964.56758004542,97.18125327543609,13.412442913827954,19.037146564847394,65.5087220184173,15.00305707369419,7.954630530807815,548.9387587033017,15568.388922163158,65.82347583040104,39.59939856754261,101.84141898130817,98.6530158967832,703.0333657757479,329.28083901075587,2039.1436450300714,774.4665718349928,6069.088617703575,3216.946170547278,779.6180529560031,5.67
Kuala Lumpur,5.059832519543603,30.358995117261617,5.059832519543603,4.553849267589243,5.12561034229767,3.354668960457409,0.8272826169453791,0.4730943405773269,2.2566853037164467,1.1182229868191362,1.7810610468793482,2.638702658941989,15.515976421180458,4.8827383813595775,9.818605004174362,3.2914210539631137,1.7886507956586637,2.7601386394110357,1.6672148151896171,1.3484453664583702,1.5255395046423963,1.2573683811065852,0.7286158828142788,18.97437194828851,3.4761049409264553,4.553849267589243,0.7589748779315404,12.649581298859008,1.2649581298859007,1.2649581298859007,5.059832519543603,0.6299491486831786,43008.576416120624,35659.169681483545,66.84291749943077,9.07227970754168,27.24213828522276,49.31312773547195,6.767525994889569,5.312824145520783,305.66701242188884,11316.257241885292,67.56141371720597,45.143825739368026,90.72532699167658,98.08738330761251,690.5178738583752,382.649834290485,1324.7071621929315,691.6841652541301,3986.80142687277,1539.4540440711412,1586.0045032509424,4.47
Singapore,10.218519100770319,62.88319446627889,7.860399308284861,7.860399308284861,4.504008803647226,4.7555415815123405,1.634963056123251,1.186920295551014,2.994812136456532,2.3974217890268825,2.4445841848765917,3.545040088036472,18.471938374469424,10.360006288319447,25.09825499135356,4.3310800188649585,3.0812765288476656,4.936330765602893,2.255934601477755,2.593931771734004,2.5074673793428706,2.0201226222292092,1.3677094796415659,25.5462977519258,4.6140543939632135,13.850023581197926,1.5720798616569722,95.8968715610753,3.6157836818110356,0.7860399308284861,16.89985851281245,2.2795157994026094,157207.98616569722,136987.21113032542,154.29963842163184,12.647382487030342,28.517528690457475,103.21490331708851,11.617670177645024,11.79059896242729,1529.9638421631819,30208.827228423204,79.43719540952681,47.578997013048266,103.3799717025625,116.9784625058953,2694.254048105644,2059.1416443955354,5512.859613268354,3748.0584813708533,23635.253890897657,16294.489860084892,4260.8316302468165,2.66
Bali,3.206511601864408,29.15010547149462,4.263635512771285,2.3320084377195696,2.861374936084021,2.310651321444824,1.2137911527634246,0.5376573713626541,1.4216751299333885,2.240415891317586,1.1235080290992212,1.9261305311640105,17.15309039565473,3.894454090991681,12.097293770670266,3.5691325009065973,1.555185528003381,2.2883182596388933,1.9476264019407998,1.8248315826421289,2.1856043649974253,0.9806235401117054,0.5441438528321711,22.53303152946534,2.404883701398306,2.215408015833591,0.26673745711480207,8.417947052984385,0.45549430107859,0.45916080134479464,5.830021094298924,0.7281696346779356,25204.98813048515,34249.916423732604,72.77068534334911,6.023244900425163,18.46173365961396,53.92769512226504,14.341851891975352,4.081014766009247,497.599161750239,5738.236061588483,45.265985559294265,34.93538814992011,81.62028074513219,78.2700585402912,1080.716234532094,684.647077282748,3346.1912116559656,1577.7657086624424,2620.110152301955,2046.2618954147151,219.40538612095617,13.28
Ho Chi Minh City,1.9048251014164124,19.554811058474318,4.5715802433993895,1.1428950608498474,1.663478427556669,1.7197850575545381,0.5572337255181544,0.33953926494269865,1.5452893635240645,1.0011760733044663,1.0392428600612125,1.495211511607827,11.867958697342079,3.562022939648691,10.551207201765791,2.752472271546716,1.16978128619132,1.2378037334579608,1.1876169255459224,1.1428950608498474,1.2571845669348323,0.771454166073647,0.5315288727045806,12.952810689631605,0.9178182601113422,1.3333775709914888,0.26667551419829777,11.428950608498475,0.7238335385382367,0.6285922834674161,3.04772016226626,0.8443735377110093,32382.026724079013,31916.0771993003,93.06618900358109,5.96356775890138,9.567416848126973,20.75954588527663,10.442923609225574,3.4286851825495424,348.6132296099683,18234.165577325763,47.99268864123953,30.783694457885847,94.5132876808473,80.8990424752797,553.8934333634711,288.91885216869923,1132.0103458213403,645.3547443598806,4206.319931963,1885.2326148222571,485.8754791982794,8.77
Hanoi,2.0953076115580536,26.667551419829774,4.533483741371062,0.9524125507082062,1.69459907909859,1.834693250832463,0.46020574450220525,0.25143691338696644,1.4390088850604954,0.90097808235474,0.8257077755772096,1.4499860111549379,12.701648071059243,3.777108170800227,9.913052315324245,3.204680036413094,1.0762383731809222,1.3794846245013135,1.112911589893472,0.9656415610375432,1.0669367312456854,0.5889212530102571,0.5377679368417598,14.286188260623094,0.9304781087003761,1.3867126738311482,0.3809650202832825,7.950574253528282,0.761930040566565,0.5714475304249237,2.2857901216996948,0.7885023507313239,30401.00861860594,30350.21328269516,70.72807646025863,5.4890362057764435,9.028870980713794,29.11045646843956,9.870457378336411,3.9048914579036453,579.0166493561876,20601.584743243922,49.53886603422588,24.989748707510454,86.68455327914099,82.29240984608514,448.30803738932434,293.10235020330634,883.2234715931967,557.652859042855,4317.603563083547,2412.7784616671343,498.3754550546213,7.83
Jakarta,1.8947568556471501,17.49006328289677,3.3814122346933755,2.7692600197919885,3.3814268097461113,2.0007571331794742,0.4910469357158437,0.2561046646430197,1.4119582337755205,1.1295665870204163,0.8888345219988442,1.759733567103187,7.8341584737088725,3.2137991282322815,7.930550293475682,2.8792352057064057,1.5234766262735988,2.3583968621986946,1.673558859304136,1.7067386753560099,2.587974347860545,1.0039296324382747,0.4729604612750002,22.737082267765803,2.2894043925687613,2.915010547149462,0.20405073830046233,12.243044298027739,0.5247018984869031,0.3498012656579354,3.498012656579354,0.7564452369852853,29150.10547149462,34694.45553217289,95.48154009521801,5.623064090482953,19.60668508930012,26.049594147162534,12.206606666188371,3.0607610745069347,167.91581922937544,7485.747085079818,52.60268757209623,33.314406169850685,72.74276304032009,95.16652073540865,373.1213500351311,215.91654583656447,1188.2503521361891,634.3791703234016,2846.021964394592,1419.834367818106,471.9940163461898,9.8
Manila,5.858338675580269,27.366810670210683,4.184527625414478,1.506429945149212,2.2782242203806584,2.5848664047710312,1.409014142029563,0.8631843585704985,1.9374362905669031,1.3069116679694497,1.0178444996058176,2.182816990521208,8.578616394309712,4.891712794109525,7.224168492515554,3.230455326819977,2.02028993755011,3.176223848794605,2.1441519552623785,2.418322205279535,2.845478785281845,2.2787263636957076,0.6276791438121716,10.042866300994746,1.4210655815907567,3.1802409953150033,0.5021433150497373,13.390488401326328,0.753214972574606,0.2427026022740397,2.008573260198949,1.0534966749743488,22429.068072221602,21143.276886845353,114.8872102423846,14.427246965799021,25.350872641391003,42.895257925913775,5.579314373517631,6.862625305679743,529.8550981773872,11768.347898279155,52.58561961974361,27.132477123187474,75.06272606910497,52.864141778491195,568.5927768357941,270.0056407432391,2010.4311904646333,684.0308382947883,4454.429657253711,2658.5698288862964,455.7476160746118,7.4
Chiang Mai,2.1836240672805767,19.496643457862294,7.798657383144917,2.1836240672805767,2.9432132963988917,1.8420428738988293,0.7798657383144917,0.34158119338174736,1.9122307903471336,1.7359811334880586,1.1779092111502083,2.1689625914002644,15.514960944323825,2.976591549998752,11.628422050859722,2.644056799181453,1.0072745876069975,1.747523146415113,1.5821916098924407,1.351663297646677,1.1451548501409996,0.8400713733123705,0.5159591724688677,18.7167777195478,1.7702952259738962,4.454593097252377,0.9358388859773901,56.150333158643406,1.2477851813031868,0.9358388859773901,1.8716777719547801,1.253400214619051,21836.24067280577,27524.06135359736,66.47825110428988,14.07252127473734,18.792268723016644,45.62214569139776,3.996655935714107,7.174764792493324,820.485513214045,15560.227783184846,57.578735244940226,26.06124129669836,99.2613111726685,80.31743655012352,462.95294602081304,273.5953058321479,934.0193032367546,539.9069776147338,2031.394275161588,1516.6828878740234,636.1093434154376,5.82
Phuket,6.2389259065159335,42.112749868982554,9.046442564448103,2.1836240672805767,3.0767263107983327,3.160639864240972,0.7249631903371514,0.4429637393626313,2.004878840058895,1.7993062314391952,1.6218087893988171,2.150557759976042,20.361046642210077,3.2183499288762443,11.599411045394422,3.0601931571460654,1.7734146889271543,2.321816276109905,2.200157220932844,1.518866511941304,1.4137406104165107,1.1286216964887323,0.570861720446208,19.433006413615832,1.8348681091063361,4.5419380599435994,1.4817449027975342,23.527301539766913,3.1194629532579667,1.0918120336402883,3.9760674802226044,1.3267075940206134,28075.166579321703,27887.998802126225,115.5957550348132,11.645891043397967,18.470652092535747,65.91206857827355,11.611265004616804,7.798657383144917,583.1661301190386,11850.09951086821,66.08613461106536,30.12902098774675,96.56422350328167,92.26404382221556,707.5980759152504,481.6450799830301,2184.403933018891,1203.4195552893611,3743.3555439095603,2682.7381398018515,526.6058995283371,5.57
Phnom Penh,5.0,40.0,7.0,1.5,1.81,2.96,1.4,0.84,2.17,1.67,1.06,1.69,13.4,4.13,8.88,3.95,1.72,4.46,1.89,2.11,1.25,1.2,0.72,12.0,1.02,2.0,0.4,9.6,1.11,1.0,5.1,1.07,35000.0,36975.0,110.49,8.08,27.13,40.62,11.83,5.0,632.5,10987.71,28.75,23.0,93.0,55.83,616.31,344.54,1190.79,746.6,2874.67,1509.5,348.97,8.08
Siem Reap,2.5,23.0,8.0,1.0,2.27,1.67,0.78,0.54,2.06,1.72,0.8,1.77,13.3,2.89,9.95,3.3,1.33,3.06,1.25,1.68,0.95,1.33,0.79,7.45,0.96,1.5,1.0,15.0,2.0,1.0,5.0,1.06,20000.0,20000.0,93.08,6.12,14.6,35.0,14.0,5.0,250.0,4490.0,26.25,13.33,70.0,44.67,341.4,233.6,649.6,413.6,2485.67,1084.8,220.08,9.2
Tokyo,7.5439245004036,50.292830002690664,5.029283000269067,3.7719622502018,2.8171528726007176,3.520498100188347,1.4324026645141335,0.8268141252442346,1.5358801622446696,1.4509481455776259,5.832585227487043,2.3184994631240397,11.867159033472394,7.517457898614684,21.90931699822215,5.309602661496564,2.609443484689605,4.6250543791224406,5.762552461708297,3.378546587505752,3.333534504653344,1.2586409368548375,0.8230421629940327,9.4299056255045,1.857817140299393,3.8348282877051636,1.3830528250739933,92.66453927995755,3.1433018751681665,3.1433018751681665,18.48261502598882,1.1151177732346589,21588.19727865497,15795.441206424406,165.4053853562367,23.631657827701794,29.99080898531701,70.915907873594,27.792006457599374,12.573207500672666,1141.5429463048602,16633.03000470238,49.564904154439226,37.19487968697742,54.016574002127385,80.51687198714515,1357.906410072648,760.6790537906963,2409.9453442669947,1385.4581425349095,13662.712204309593,5760.463360416022,2676.8518448667364,1.75
Hong Kong,8.299920831524377,63.845544857879815,6.384554485787981,7.06004035038435,2.286947416809255,4.96718338994305,1.2743570753632811,1.0828204407896418,2.907526112827847,2.286947416809255,2.249917000791685,3.307199223638174,22.58599994892356,9.458079015246314,20.138161759072453,3.731133641494496,2.3827157340960747,3.740072017774599,2.9177414000051076,2.3507929616671346,2.3763311796102866,1.584646423372577,1.8400286028040962,15.322930765891156,1.7812907015348467,13.024491151007481,1.5642158490180555,70.2300993436678,3.7030416017570293,1.340756442015476,16.089077304185714,3.2561227877518704,38307.32691472789,36415.93840181833,231.64440585335953,14.040912225144927,19.44735296371019,88.8129836300023,10.452792604132084,13.72679214444416,990.1626784482978,22611.66713486733,70.47015859233342,41.62729524733764,82.61613504609647,126.88280511785887,2189.665960109304,1670.6246648108895,4948.029726485685,3240.1614015374007,25290.627474014862,16001.72510662206,3381.7657123885892,3.82
Seoul,8.839415962108552,61.195956660751506,6.799550740083501,3.3997753700417506,2.739430200367801,3.6717573996450903,1.560320106529921,0.7855248987988865,1.9852648295821795,3.0630344191898553,3.166326394482464,2.9091605859417657,13.615780778132425,9.690053358794477,27.769079641369935,7.524382848976402,3.344508621626352,5.445155027717008,6.401579834817153,3.476460703288412,2.673046186492366,2.512855570606739,1.145574709587788,19.718697146242153,2.0881828295840834,3.0597978330375755,1.0539303647129425,44.19707981054275,3.2637843552400803,0.5439640592066801,8.1594608881002,1.1574943220351543,26769.831263708744,26503.28887469747,157.0569001364942,30.255376166785908,19.505436036830172,55.920307633434035,18.75106667952235,10.199326110125252,1295.6274129055744,21368.21642480438,45.81601884400293,30.902339820603373,68.54702576091393,69.40771969314443,873.3805951973142,581.2747852123914,2081.602890733803,1135.8143148765873,18403.89939955887,9833.68989044156,2998.3217892827383,3.99
Osaka,6.286603750336333,31.43301875168167,4.4006226252354335,2.5146415001345335,2.61943918465264,2.968345692796307,1.2378951444787274,0.7188731388509597,1.4930683907048792,1.321695572470711,5.6579433753027,2.1177053393382974,9.558529538236382,6.286603750336333,18.10541880096864,3.343215874428862,1.9497272871293103,2.0431462188593086,4.007709890839412,1.525570132094118,1.148373907073938,1.225887731315585,0.8015419781678825,9.4299056255045,1.8970455477014918,3.8976943252085268,1.50878490008072,32.376009314232114,4.086292437718617,1.8859811251009,21.374452751143533,1.094371980858549,21588.19727865497,14941.999793799398,129.8296204651584,24.098626754276776,31.904514032956893,56.055571062511476,18.335948560493474,12.573207500672666,513.0766387289996,12992.3144383171,41.874250322502775,26.718065938929417,68.44954749026205,89.87705917705843,743.3908934772714,559.5077337799337,1741.3892388431643,927.1779310032665,6074.954736452997,2071.4359357358217,2002.8226222178635,2.05
Beijing,4.393994873672647,26.363969242035886,5.126327352618089,1.0984987184181618,1.8410838520688393,3.106554375686562,0.5653606737458806,0.3105089710728671,1.9465397290369828,1.7590626144269499,1.2757231783229588,2.177956792383742,13.548150860490663,3.575247162211644,11.537165873306481,2.20725009154156,1.7605272793848408,1.9113877700476019,1.4895642621750276,0.8041010618820945,0.922738923471256,0.6781398755034787,0.560966678872208,10.563163676309046,0.9007689491028928,3.8813621384108385,0.6590992310508972,33.687294031490296,1.9040644452581472,0.3427316001464665,7.176858293665324,1.1307213474917612,19025.997803002563,16976.108385206884,52.4657634566093,9.417795679238374,13.896741120468693,54.25997803002563,20.6590992310509,8.421823507872574,700.941779567924,24432.442328817284,58.3141706334676,36.38960087879897,83.2779201757598,105.74002196997438,1097.4177956792385,575.3379714390334,2267.147564994508,1180.2109117539364,12249.346027096302,6264.72940314903,1609.839619187111,3.37
Shanghai,4.393994873672647,29.29329915781765,5.126327352618089,1.4646649578908826,1.7517392896374957,3.043573782497254,0.5404613694617356,0.3222262907359942,2.0725009154155987,1.732698645184914,0.998901501281582,1.807396558037349,15.746612962284878,3.093372391065544,11.975100695715856,2.343463932625412,1.795679238374222,1.7781032588795316,1.5540095203222264,0.8055657268399854,1.0545587696814354,0.5931893079458074,0.6942511900402784,11.71731966312706,0.934456243134383,3.6616623947272062,0.43939948736726475,29.29329915781765,2.1969974368363236,0.43939948736726475,8.787989747345295,1.1380446722812156,19040.644452581473,18195.991212010253,54.38740388136214,8.62834126693519,11.0040278286342,63.86818015378982,17.868912486268766,8.787989747345295,1303.0098864884658,27793.760527279384,42.14426949835226,39.06114976199195,71.83156352984255,103.73928963749542,888.21530574881,553.7561332845112,2220.432076162578,1165.075064079092,14067.440497986086,7139.676309044306,1674.4899304284145,3.27
Krakow,11.114507210536553,55.572536052682764,9.725193809219483,5.001528244741449,1.8477868237517021,4.415237989385646,2.5452221512128705,2.6758176109366754,1.222595793159021,1.5893745311067269,1.7977715413042874,4.295757036872378,9.302842535219094,7.310567117730417,12.662202339603768,1.444885937369752,1.928367001028092,1.9561532690544332,3.1092833921476006,1.0169774097640947,1.025313290171997,1.3754202673038984,0.7919086387507294,6.9465670065853455,1.1809163911195086,5.83511628553169,1.667176081580483,41.67940203951208,2.5007641223707244,1.1114507210536553,13.615271332907277,1.667176081580483,33229.59793270166,31614.234905109894,342.4435244102365,9.725193809219483,19.033593598043847,45.261051988107475,25.316068798799634,8.335880407902415,480.8886048514824,11197.866014615576,85.01486565339408,48.39256439467615,102.23123732251521,122.65692294867877,973.2501597710412,808.4470254800078,1554.3971769151685,1259.0652699435939,5948.906610353163,3876.2093973158467,2008.6331934757843,6.77
Macau,6.198936262537349,55.79042636283614,6.198936262537349,5.765010724159735,2.045648966637325,5.290172206449374,1.3228529984254702,0.9608351206932891,3.0746723862185252,1.6997483231877413,1.6898300251676814,3.1651768556515707,17.42397004673998,7.789583307504433,22.803406935369892,3.1292230253288538,2.9345764266851813,3.60654111754423,2.8205159994544937,4.347933894543697,3.4180934551630946,1.9216702413865783,1.1604408683469918,12.273893799823952,1.3736842757782766,6.198936262537349,0.7438723515044819,22.316170545134458,2.6035532302656867,1.295577678870306,14.877447030089638,1.8162883249234434,30994.681312686746,27732.00510792348,122.03721841332029,25.208594205234387,37.06963884997335,88.91010302632068,4.1322109126073965,14.629489579588144,1213.9587646759817,19103.640015373363,69.6760435909198,33.47425581770169,92.98404393806024,136.3765977758217,1118.2881017617378,1078.6149096814988,2092.140988606355,1450.5510854337397,12525.953706343993,7891.444228170447,2060.526413667415,3.28
Taipei,5.080494078049091,47.629631981710226,5.556790397866193,3.0165433588416475,2.1985838122757437,3.381386339821548,0.9652938748293272,0.6712602800622361,3.0013018766075,1.8566030546470644,3.199441145651415,2.6053408693995492,19.44940145429143,9.484647381957895,20.097481980122566,4.8359953005429785,3.479185850823993,3.0898929920934814,4.616581462547233,2.8123710030800493,2.2401803575397707,1.6829136633537611,1.2028069729781223,15.082716794208238,1.7473724319690092,3.969135998475852,0.7938271996951703,38.10370558536818,2.699012478963579,0.7938271996951703,9.525926396342046,0.9675165909884736,33912.29797097768,24711.46349982536,75.2310037151113,17.423554440669356,26.125488203727812,41.96075318324707,16.670371193598577,9.525926396342046,635.0617597561363,16405.762232877147,60.52964150763662,35.978788937224145,83.35185596799289,112.21255517099038,727.5077001238371,484.1336169942527,1648.7025688248182,944.1758486012765,14404.571809608486,8588.221509541803,1692.492299876163,2.34
Kyoto,9.4299056255045,31.43301875168167,5.029283000269067,3.1433018751681665,3.289968340663514,3.352834378166877,0.848691506295405,0.7218907086511211,1.5716509375840833,1.6093705600861015,5.0349409436443695,2.1291469581639095,8.591712747472156,6.286603750336333,11.10635424760669,5.029283000269067,2.3051089971358234,5.029283000269067,3.56242974720309,1.8859811251009,1.6764486221021901,1.15252306554916,0.9587070719262909,7.5439245004036,1.582652494147172,3.8976943252085268,1.4459188625773567,81.29993135028705,3.300466968926575,4.4006226252354335,0.3143301875168167,1.0976410148087237,21588.19727865497,15133.741208184656,101.5679418413714,23.735449655619846,30.647193282889624,52.43027527780502,18.859811251009,12.25887731315585,644.9007470999898,6508.730395226205,55.793608284234956,45.63162765200379,69.3401706435722,102.68117363348094,561.1782101284731,325.7718063424288,1768.6311674726094,775.3477749194686,117.72674522406713,69.2860429852818,1886.1666427775724,2.07
Istanbul,11.145140941452345,53.496676518971256,9.473369800234494,4.458056376580938,3.479513001921422,3.994864319054179,1.6470289283278277,0.5811076486873253,1.202560707582708,0.8242946240298153,2.3157373848149683,2.420724612483449,10.502289211949375,5.886417639637471,21.27295341776892,2.083249744776272,2.3409254033426508,1.5086062778349896,1.4557783097725054,0.5392019187474645,0.4362208164484448,1.0480890541341787,0.5922527896287777,12.25965503559758,2.3349070272342662,2.229028188290469,0.936191839081997,61.25369461422209,1.2148203626183056,0.8024501477845689,7.8015986590166415,1.2553886756451922,45070.94996723328,44441.364744798564,75.81170061476598,11.365814732093101,15.838359791897927,65.71509453308546,19.899649150963164,9.0275641625764,989.2088287348482,21675.412258763423,57.15651790132538,40.19918595890564,110.46974540040033,90.25602617770704,1067.3904321194047,638.3704912332321,1964.123345503827,1192.421972868269,3252.018385024497,1690.96552585004,1186.8407091876084,42.78
Dubai,12.79782164737917,81.68822328114364,9.530292716133424,13.614703880190607,3.18856364874064,5.881552076242342,1.7072838665759018,0.8304969366916269,1.8597685500340368,1.4213750850918991,2.47787610619469,3.6215112321307013,14.755616065350578,8.430224642614023,11.757658270932607,2.5650102110279103,1.8543226684819605,1.8597685500340368,1.3723621511232131,1.078284547311096,0.9993192648059905,1.4023144996596326,0.6317222600408441,19.060585432266848,2.510551395507148,6.126616746085773,1.6337644656228727,95.30292716133424,3.2675289312457454,0.6807351940095303,8.168822328114365,0.7896528250510552,29952.348536419333,22529.933287950986,231.90197413206263,56.77876106194691,92.5990469707284,77.60381211708646,49.93873383253914,14.976174268209666,902.2573179033357,16654.368958475152,77.3641933287951,62.14840027229408,108.46289993192649,107.55616065350578,2288.0190605854323,1449.9659632402995,4327.330156569095,3052.285908781484,7244.860449285228,4026.2845473110965,4013.5929203539827,4.5
Antalya,8.916112753161876,39.00799329508321,8.916112753161876,2.674833825948563,2.598155256271371,3.7238144913580578,1.411643551644354,0.5126764833068079,1.0097497692955824,0.9919175437892588,2.165946690561849,2.404675609527758,9.394685105187842,5.318015451623402,18.707341973046592,1.4484225167511469,1.9029213643435736,0.9720791929134736,1.297517308403882,0.6218988645330409,0.45917980678783665,0.8352168621524387,0.6056269587585205,7.021438793114978,1.9631051254274159,2.1733024835832073,0.7801598659016642,26.748338259485628,0.936191839081997,0.6687084564871407,8.69320993433283,1.154190795896805,46765.01139033404,42605.89800858622,91.94317761342411,9.943471845144954,13.8567537325077,52.2898806578308,18.949637337113764,5.851198994262481,636.1198414715153,10706.83397752248,53.938024100252775,28.42701938808718,100.42396116141283,70.21438793114977,528.1082683571617,419.40636521289446,871.5462322736533,669.6713966644822,2470.506167720997,1314.2243204807567,926.0334889195008,40.87
Abu Dhabi,8.168822328114365,68.07351940095303,9.530292716133424,10.891763104152485,2.360789652825051,5.432266848196051,1.1164057181756297,0.3784887678692988,1.8488767869298843,1.5411844792375766,2.575901974132063,3.4309053778080325,9.903335602450646,9.124574540503744,11.294758339006126,2.3934649421375083,1.8216473791695031,1.865214431586113,1.3750850918992512,1.187202178352621,1.326072157930565,1.8134785568413887,0.6181075561606535,13.614703880190607,2.330837304288632,6.535057862491491,0.6807351940095303,25.867937372362153,3.2675289312457454,0.5445881552076243,8.168822328114365,0.7515316541865215,29952.348536419333,21799.4091218516,160.64533696392104,49.84070796460177,95.08236895847516,65.60653505786249,43.11232130701158,13.614703880190607,639.1341048332198,13629.786249149081,55.66780122532335,49.97957794417972,92.50102110279101,94.24370319945542,1913.508509189925,1337.7590197413208,3704.2505105513956,2813.421375085092,4713.712729748128,2981.3179033356023,2620.8141592920356,5.31
Amman,7.052186177715092,56.13540197461213,7.052186177715092,8.462623413258111,5.049365303244006,4.471086036671368,0.5641748942172073,0.4372355430183357,1.5373765867418903,0.5782792665726375,1.6078984485190408,2.4823695345557124,6.318758815232723,7.122708039492243,11.889985895627644,2.32722143864598,2.0310296191819464,1.438645980253879,0.7898448519040904,0.9449929478138224,0.7475317348377998,0.6346967559943583,0.6346967559943583,21.156558533145276,4.809590973201693,3.6953455571227085,0.7757404795486602,38.78702397743301,0.7052186177715092,1.4104372355430184,7.052186177715092,1.3681241184767279,28208.744710860366,33621.2976022567,119.70380818053597,16.22002820874471,32.820874471086036,61.9605077574048,36.55853314527504,11.283497884344147,302.77856135401976,7607.447108603668,57.70098730606488,63.977433004231315,112.90550070521861,77.57404795486602,443.2157968970381,283.76586741889986,731.8617771509169,500.70521861777155,1510.0,963.9915373765868,697.7574047954867,7.31
Doha,10.989010989010989,79.12087912087912,7.417582417582417,4.945054945054945,3.285714285714286,6.074175824175824,0.9120879120879121,0.3379120879120879,2.068681318681319,1.4642857142857142,2.1978021978021975,2.7967032967032965,10.815934065934066,7.585164835164835,10.862637362637361,2.071428571428571,1.6593406593406592,1.6593406593406592,1.414835164835165,1.0769230769230769,1.0989010989010988,1.5934065934065933,0.5164835164835164,13.736263736263735,2.085164835164835,6.318681318681318,0.5494505494505494,30.21978021978022,2.1978021978021975,2.1978021978021975,13.736263736263735,0.5604395604395604,28008.24175824176,21238.225274725275,93.21428571428571,32.45054945054945,87.35164835164834,139.6510989010989,22.57967032967033,12.362637362637361,781.2884615384614,11195.054945054944,63.79670329670329,61.55494505494505,106.47527472527472,89.50274725274726,1976.304945054945,1306.6620879120878,3622.9395604395604,2653.5906593406594,4481.947802197802,2768.445054945055,2977.5824175824173,6.05
New York,25.0,140.0,14.0,8.0,4.01,5.7,3.28,2.66,1.31,4.63,7.73,6.15,16.58,15.39,20.29,6.98,2.53,6.22,6.41,3.24,3.8,2.94,2.59,19.99,3.38,19.0,3.0,133.0,3.0,2.17,42.0,0.91,35229.0,25824.12,201.76,66.4,72.3,126.3,68.15,22.0,3389.82,59207.2,67.8,52.61,114.42,152.5,4280.72,2861.0,9425.0,5376.32,19711.06,8747.83,5167.74,6.85
Los Angeles,25.0,100.0,13.0,8.0,2.78,5.96,3.37,2.66,1.32,4.87,4.28,6.15,12.08,16.57,20.61,5.77,2.64,4.96,5.12,3.29,2.98,2.13,2.3,15.0,3.07,12.0,2.0,105.0,3.1,1.85,32.11,1.26,34000.0,26023.97,236.08,58.83,78.0,49.71,12.0,18.0,1745.42,30635.62,73.48,61.8,120.19,182.36,2838.7,2634.71,6290.35,4144.78,8582.07,7382.14,3921.75,7.44
Mexico City,11.523724467747977,57.61862233873988,10.083258909279479,3.3418800956469132,4.587018524387082,3.9002045461093027,1.6548068335686095,1.30909509953617,1.8322721903719283,2.8077554665667943,1.9198524963268129,2.6124283368384664,11.761113191783584,9.31923597706779,13.830197919967734,3.025553859007231,1.935409524358273,2.2580738094552157,2.0385468583446174,2.1837457866382417,2.2137074702543864,1.5712598311774366,1.294690443951485,14.40465558468497,1.940019014145372,5.012820143470369,0.37452104520180923,20.742704041946357,1.7285586701621964,0.4609489787099191,5.819480856212728,1.440465558468497,22297.83065886895,26641.050387485237,62.48854829881018,29.58716257094293,37.65953156060039,58.27432226095474,30.825962951225836,6.914234680648786,470.04638299098275,11538.220160755956,75.20728299386361,52.519374261761406,116.88052778658063,128.20143470369624,1166.1507879346607,769.3780069718533,2680.63783814929,1448.0470167958285,3787.2432370142033,2341.7274062977153,1078.8706750021609,11.31
Buenos Aires,19.5,70.0,12.0,4.0,3.5,4.12,1.94,1.38,1.52,2.8,1.71,3.46,11.26,9.45,10.71,2.59,2.13,1.28,2.55,1.36,1.34,1.98,1.65,6.5,2.21,4.0,0.61,25.0,1.71,0.95,6.75,1.18,25000.0,30037.17,185.75,19.04,33.82,49.49,15.39,10.0,385.06,6508.75,112.01,92.66,130.43,146.1,776.02,526.25,1615.78,1134.48,2715.5,2030.21,796.09,52.71
Miami,30.0,120.0,14.0,8.0,3.56,5.48,3.28,2.84,1.25,4.0,6.15,5.22,17.72,16.36,24.48,5.85,1.97,4.68,5.15,3.38,3.81,3.09,2.16,15.0,2.6,9.07,2.25,112.5,2.95,2.05,24.0,0.86,35000.0,26470.99,152.91,61.9,67.93,77.68,22.7,18.0,1869.94,38614.0,52.87,58.08,95.0,125.51,3010.43,2090.91,5450.84,3739.48,7080.64,3816.21,4166.71,6.54
Chicago,20.0,100.0,13.0,7.0,3.51,5.61,3.11,2.26,1.33,4.08,5.37,4.78,14.28,14.56,16.92,5.18,1.88,3.87,4.38,2.52,2.56,2.41,2.65,15.0,3.02,18.0,2.5,75.0,3.25,1.4,22.5,1.01,35265.5,26107.85,166.32,70.41,64.81,67.68,29.0,17.0,1825.0,30287.27,64.14,50.0,100.35,153.53,2388.16,1731.24,4631.25,2933.31,3842.32,2586.92,4775.28,6.87
San Francisco,25.0,150.0,15.0,8.0,3.77,5.68,3.27,2.89,1.61,5.26,6.33,6.75,22.36,14.68,23.56,7.14,3.04,5.43,7.8,3.95,4.73,3.23,2.99,18.0,3.06,14.0,3.0,87.0,4.15,2.03,39.0,1.28,36998.0,25897.85,233.15,68.44,72.56,115.57,21.88,18.0,3018.16,42000.0,74.62,48.6,100.79,127.76,3413.44,2770.83,5664.55,4629.33,10924.47,9527.24,7287.96,6.44
Cancun,11.523724467747977,57.61862233873988,11.968540232203049,2.992135058050762,2.9610210019878425,3.9739563827028896,1.4208752268733256,0.7870703811471869,1.7216444354815477,2.6516090000288095,1.6611448820258707,2.6936705943360897,11.175707988821989,8.797787444902193,14.131543314799343,3.0099968309757714,1.6847685171847542,3.1880383740024776,2.2834260032842617,2.118060557172078,1.9947567053671746,1.1996197170925644,1.3096712857595576,10.371352020973179,1.6023738872403561,4.494252542421711,0.6914234680648786,28.80931116936994,4.60948978709919,3.0434156319322407,14.40465558468497,1.4640891936273805,22297.83065886895,25238.87701305062,186.3000201665178,23.047448935495954,51.84235544928121,36.491602085794135,14.116562472991271,8.642793350810983,217.51029932874306,5704.243611535248,57.61862233873988,57.61862233873988,69.14234680648786,97.9516579758578,732.9088761487714,488.14496845380427,1498.0841808072369,1167.7376047938694,2213.118607934084,2311.1036847108985,795.4089481720492,11.6
Sao Paulo,9.037233401614653,50.206852231192514,9.037233401614653,2.4099289070972407,2.5987066714865246,2.255291802225168,1.3314857211712254,0.9238060810539421,1.200947905370125,2.012290637426196,1.4057918624733903,2.8939229626059366,13.017632646503593,5.38819938145158,11.119813632164517,2.891914688516689,2.00024099289071,1.8194963248584168,1.958067237016508,1.5323131300959956,1.2712374984937944,1.3033698839217576,0.8735992288227497,10.041370446238503,1.5242800337390046,2.9622042816403584,1.0443025264088044,48.80106036871912,1.361609832509941,0.8796240510904928,10.242197855163273,1.2129975499056111,24099.289070972405,34319.596738562876,90.81817086395952,16.825320319717235,21.438325902719203,39.41237900148612,40.86034461983372,10.041370446238503,532.1765674579267,16948.226693979195,65.64847170341808,58.40663533759087,104.08683777161906,96.68835602683053,701.1447162308713,444.9672651323453,1460.101618668916,957.1534723059003,2930.8772141221834,2187.837892115516,881.4977708157609,11.96
Bogota,6.925640752664232,36.013331913854,8.310768903197078,1.6621537806394155,2.268064238808504,2.0558875384535815,1.1351513029498825,0.7463402905827103,1.3882751616908569,1.652931597413168,1.3812664132491608,2.7184635892609688,5.656359180129351,5.947900953253504,8.390471947235039,3.1848722508772918,1.2595330406114311,1.7311054599729405,1.4284078647243954,1.4520963263548083,1.4435750179727302,0.9633095343384764,0.9684455895206523,11.995209783614449,1.2038010243465913,3.435117813321459,0.9695897053729924,44.32410081705108,1.7452614696713864,1.9391794107459848,8.310768903197078,1.155196877544394,19391.79410745985,29925.693692262146,95.00136615189487,13.387726207702237,30.22775689881775,27.49149718307873,13.697185998581684,5.540512602131385,391.90978782246856,8735.541535103732,66.358971529051,49.65354759160427,111.0207915215087,110.0155680093351,563.5364100187649,415.6218520365664,1025.917168837952,805.5837840055541,2231.060579050607,1477.892897625206,531.1404815530988,12.4
Lima,11.642121194481634,72.76325746551022,10.18685604517143,5.238954537516736,3.480994237150009,4.814017113918156,1.9296815879853308,1.289364922288841,2.1305081785901394,1.6648233308108737,2.249839920833576,4.194074160312009,15.772163688223994,7.910821351650271,13.279294487455614,3.7429419640258454,2.2323767390418534,2.284766284417021,2.392455905465976,1.5513126491646778,1.653181209616392,1.4407124978171024,0.9313696955585308,14.552651493102044,2.20909249665289,7.712905291344083,1.309738634379184,58.210605972408175,2.619477268758368,1.1642121194481634,14.552651493102044,1.7812445427556902,37795.64875720356,36989.08551138017,139.85971243960648,19.919669363758075,30.9185633622446,70.12631701496012,29.937714651609525,13.752255660981431,889.1233482740555,17801.72594446708,89.05058501659002,66.42994353571221,118.40619360847546,131.12812154374527,1332.5368182082775,912.5269224052623,2743.174806449735,1564.7942255078874,5450.435124279644,3207.759473776122,2121.1828395133593,9.25
Toronto,18.246843296109773,87.5848478213269,11.677979709510254,6.568863586599518,2.9851835632435586,4.094591635647033,2.1239325596671774,1.7954893803372016,2.7954163929640172,2.8392088168746805,2.955988613969783,3.6274724472666224,10.73644259543099,13.152324647835924,16.50974381432012,3.744252244361725,1.2699802934092401,3.6201737099481788,3.758849718998613,2.175023720896285,1.6787095832420988,2.3939858404496017,1.8246843296109772,14.232537770965623,2.40858331508649,14.889424129625572,2.4450770016787096,113.86030216772498,3.101963360338661,1.277279030727684,22.647981899131448,0.9999270126268156,27281.22034887964,20931.705714911317,139.66863732574265,37.230859061382375,50.45617108240274,54.93029705860886,22.012991752426828,13.13042843588059,964.7981899131448,21017.99868622728,59.623385154368286,43.0187577549084,96.2411502810014,127.4286548427122,1663.9588351215239,1459.7474636887816,2686.358659951828,2261.9808773082254,8527.195095248522,6852.470622582293,3647.616962265528,4.44
Vancouver,21.896211955331726,87.5848478213269,10.948105977665863,5.838989854755127,3.671264871177286,4.211371432742135,2.24071235676228,1.7808919057003136,2.1531275089409534,2.861105028830012,4.503320925479891,4.123786584920809,13.14502591051748,14.123056711188964,15.349244580687541,4.247865119334355,1.3867600905043427,4.043500474417925,4.678490621122545,2.9413911393328953,2.948689876651339,2.6713378585504706,1.8173855922925335,15.327348368732208,3.3136267425735344,15.692285234654404,2.554558061455368,83.20560543026056,2.9194949273775634,1.664112108605211,32.530472228304504,1.2115903948616888,28888.40230640099,21193.56981242245,90.20509451864827,39.01175096708269,52.71877965112036,42.551638566527984,16.925771841471427,12.159696372527552,1170.126268155609,21346.37617692139,62.915115684986496,41.982337055689364,92.83263995328808,116.77979709510254,1930.0780964893072,1619.4073425297422,3615.020801401357,2687.6505364571926,9157.813298299394,7119.662798335887,3566.2652361141522,4.42
Montreal,18.246843296109773,72.9873731844391,11.232756733085177,5.838989854755127,3.2698343186628716,3.9121232026859354,1.9487628640245236,1.5400335741916646,2.2918035179913874,3.3136267425735344,3.123859572293993,3.5398875994452954,14.05736807532297,12.933362528282606,15.69958397197285,3.4012115903948614,1.5546310488285524,3.277133055981315,2.868403766148456,2.9194949273775634,2.386687103131158,2.211517407488504,1.518137362236333,10.948105977665863,2.5472593241369244,12.407853441354645,2.7370264944164657,76.27180497773885,3.4669002262608566,1.4962411502810011,33.72016641121086,1.1823954455879133,28888.40230640099,21876.483468359973,85.33683672724618,38.17239617546164,43.06255017881906,36.9024158820524,20.706517772425368,12.04291657543245,519.6117071746587,14402.51806437486,55.03977811838551,40.143055251441496,101.34296766659367,122.2100576600248,1307.6928691336398,992.0224801109408,2171.753886577622,1633.807751259032,5368.987665133932,4002.9997810378804,3013.874899642362,4.5
Mumbai,5.388523307518715,21.55409323007486,4.3108186460149716,2.6942616537593573,3.2517582751552436,2.731981316911988,0.4910022437811053,0.15896143757180206,0.6972749159929217,0.5142806644695861,0.8352211126654008,0.9983855984170674,5.878663387570617,3.649646836182425,0.4917027518110827,2.4131962780391807,0.7589196226309357,1.274709073626627,0.542732067533285,0.40877337810836967,0.44660081172715105,0.5363736100304128,0.31328874509913807,8.08278496127807,2.0880527816635017,3.7719663152631,0.21554093230074858,5.388523307518715,0.3233113984511229,0.3233113984511229,1.6165569922556142,1.133853074368088,16434.99608793208,23541.11119972238,58.18926218183464,4.623999620647959,8.991182220459576,27.237153221582545,12.491566961023732,4.3108186460149716,129.74367872330794,5208.252738986397,32.105684029925705,35.159683499695014,60.80743788649184,44.76785163886548,659.3243007313304,370.97913779316264,2111.886651334522,889.1063457405879,6612.193581622118,2702.0083026367124,742.2951660635113,8.5
Delhi,5.388523307518715,24.248354883834214,3.7719663152631,2.6942616537593573,2.6583740885312825,2.4052212635440533,0.44433763193799314,0.1730793686375011,0.712901633584726,0.5564189167343825,0.8292937370271302,1.1426902525924185,4.4458550401013905,3.5136405079006527,0.4917027518110827,1.914219019762948,0.775408503951943,1.0590603708597282,0.5958629073454195,0.3551036859654833,0.4265555050231814,0.5144962054018869,0.3138275974298899,9.699341953533686,1.8239073691289345,3.7719663152631,0.43108186460149717,16.16556992255614,0.9160489622781814,0.2694261653759357,1.0777046615037429,1.062185714378089,13471.308268796785,22747.758913156402,52.42041689927125,4.588219825886035,8.238082203000761,19.99745661699885,9.577238015385312,5.388523307518715,71.31624381128098,1996.4478854356837,26.09543290318548,31.253004101743944,58.11910360837074,47.203464173863935,264.2372329717275,163.72823306009929,770.7931259685871,440.87916990876147,2589.57353071135,947.3194251954418,540.4039021530384,9.32
Bangalore,2.6942616537593573,16.16556992255614,4.849670976766843,2.6942616537593573,3.106591457250689,2.406514509137858,0.46104205419130123,0.14936986608441877,0.6120284772679756,0.595431825480818,0.8145291831645288,1.0393383755542096,7.041183405934705,3.7027776759945596,0.4917027518110827,2.4346426008031057,0.6907009175577489,1.2741702212958752,0.42149029311411385,0.3850638755552873,0.3607077502053027,0.38333954809688137,0.3084390741223712,10.77704661503743,2.0224205677779237,3.8797367814134742,0.5388523307518714,14.279586764924593,1.0777046615037429,0.2694261653759357,2.1554093230074858,1.1288956329251707,12393.603607293044,20998.224481570174,29.68375834412834,4.303598024782897,9.655048291945882,16.542982095014754,6.522915234217554,4.3108186460149716,120.34372312474001,3796.459632416494,32.16538886817301,27.922357845366623,49.61116415812945,36.48148826702935,323.82460141093094,185.15989904062732,846.9652914436716,505.9701605133323,1838.8087914835469,936.8516798182559,875.0102920795174,8.62
Colombo,4.512198133944839,23.748411231288625,7.9161370770962085,2.2165183815869383,2.745063021950498,2.654534078336826,0.7468083718532563,0.30774774500919216,1.693926676305355,0.5565044365198635,0.8420869977131863,1.6571641357193203,12.772402192959957,4.462199812165899,7.529101303122821,6.629764802068075,0.938917186440227,4.66371299760046,1.1187401562835446,1.0334041985924474,1.100089737329906,0.8624156377271693,0.5044795836491871,12.665819323353933,2.0842872278511235,10.132655458683146,0.16623887861902037,8.164007161254245,0.4116391280090028,0.379974579700618,0.949936449251545,1.0222266130395876,31664.548308384834,42153.42993553731,49.74237723496298,4.330601949396252,17.661186799936416,14.397490141242884,6.253748290906005,3.79974579700618,39.58068538548104,1266.5819323353933,25.238513210132908,16.71185197710273,81.84066652607608,42.181706377176695,469.2951408217457,227.10165523259826,1151.0063310097887,379.1887922697971,3655.3781918656305,1235.1376109604932,246.52525912683103,12.94
Kathmandu,1.6847326160865008,18.19511225373421,6.065037417911403,2.560793576451481,3.12558333866832,1.6464554910490155,0.5183585313174945,0.1587018124353484,0.819588723073761,0.5562987098317626,0.9236378094432632,1.6892476994976127,7.495644966187416,3.0027326363032922,5.185202656486389,2.124986943322225,1.0284281781638436,1.3002092437909178,0.6478807748422247,0.4380304801824902,0.6310334486813598,0.501443815851986,0.23107792562242443,6.738930464346003,2.2696043910870904,2.6955721857384014,0.2021679139303801,10.108395696519006,1.6847326160865008,1.1793128312605505,3.3694652321730016,1.1382727447326835,30325.187089557014,39677.97009936553,29.932711779313504,4.160548279382579,8.255189818823855,20.523075782642536,7.160113618367628,3.0325187089557013,68.0986444641371,4989.059346391134,22.68775502639976,23.838966517623987,56.318185340804554,37.241486203724605,180.48614644369792,87.95908121422048,437.1038772436426,175.57980072982616,2372.9311315001196,1369.9152579494107,244.03095864655322,10.2
Dhaka,2.440933478053567,12.204667390267835,6.509155941476179,0.146456008683214,0.09731188132506888,2.307821239050379,0.3455548160431166,0.17167898795643421,0.8182009018435557,0.5852544835879769,0.6880991474633005,1.1925587329277043,8.246775120053243,3.1492110089354437,6.4961376295932265,2.8321337501362853,1.0129873933922302,2.630756738196866,0.6247162414831763,0.26915359818004,0.5325303204620199,0.31829772553818514,0.27948688323713344,0.40682224634226116,0.06175561699475524,3.2545779707380893,0.40682224634226116,24.40933478053567,1.2204667390267836,0.40682224634226116,3.2545779707380893,0.9943549345097547,29763.115542399828,29931.82708752699,50.6287844639466,4.939961172884809,12.555999082209013,19.120645578086275,12.679266222850716,4.068222463422612,87.97531077151397,2466.6274761236023,18.573713750103742,22.782045795166624,46.92019286629054,37.28403841052921,148.5714843641938,72.6732615264947,405.4072372050335,223.22157655011478,1302.2257245097385,625.8540419417462,311.62584069817206,10.55
Sydney,21.434695627322093,92.88368105172907,11.46756216061732,7.144898542440697,4.322663618176622,3.8511003143755356,2.829379822806516,2.3506716204629896,1.9219777079165477,2.66504715633038,2.3078022292083453,5.815947413546728,13.503858245212918,9.795655901686198,15.954558445270077,3.593883966847671,3.1294655615890257,3.2223492426407545,5.308659617033438,2.9722777936553304,2.5221491854815663,2.336381823378108,1.2432123463846814,14.289797084881394,5.037153472420692,35.724492712203485,4.00114318376679,155.3229494141183,3.8582452129179767,1.7862246356101743,42.869391254644185,1.3789654186910545,28579.59416976279,27675.793083738212,209.83138039439842,23.921120320091454,55.35152900828808,74.39268362389255,23.21377536438983,17.862246356101743,2232.3521006001715,27087.53215204344,81.39468419548443,63.653901114604174,110.03143755358674,131.85910260074309,2497.227779365533,1714.104029722778,4737.860817376393,2868.390968848242,12486.053158045155,7926.2289225493,4189.282652186339,5.99
Melbourne,17.862246356101743,85.73878250928837,11.431837667905116,8.931123178050871,5.5301514718491,3.901114604172621,3.0508716776221774,2.4149757073449556,1.8719634181194629,3.0865961703343814,2.3292369248356675,6.058873963989712,13.060874535581595,10.045727350671621,16.58330951700486,4.058302372106316,3.2866533295227205,3.122320663046585,4.70848813946842,3.158045155758788,2.7793655330094316,2.5150042869391256,1.6504715633038012,14.289797084881394,5.587310660188626,35.724492712203485,3.929694198342384,140.04001143183768,3.6438982566447553,1.414689911403258,29.751357530723066,1.3861103172334952,29294.08402400686,26904.294084024008,220.37725064304087,29.29408402400686,55.01571877679337,52.48642469276936,20.6630465847385,17.862246356101743,2357.680765933124,31614.154044012575,78.75821663332381,55.40154329808517,128.60817376393257,127.67219205487282,1752.9722777936554,1315.95455844527,3395.0843098028013,2458.038010860246,7560.117176336096,6630.608745355817,4367.00485853101,5.61
Auckland,14.671361502347418,73.35680751173709,9.859154929577466,7.142018779342723,3.3626760563380285,3.532863849765258,2.106807511737089,2.2241784037558685,1.8368544600938967,2.188967136150235,1.936619718309859,6.279342723004695,9.137323943661972,9.988262910798122,16.161971830985916,2.9636150234741785,2.0598591549295775,3.18075117370892,4.677230046948357,1.8133802816901408,1.4671361502347418,1.936619718309859,1.1737089201877935,10.269953051643192,2.7582159624413145,26.408450704225352,2.6408450704225355,127.57629107981221,2.347417840375587,2.0539906103286385,33.45070422535211,1.625586854460094,26402.582159624413,23215.49882629108,168.02230046948358,30.140845070422536,50.12323943661972,38.72652582159624,17.21244131455399,13.497652582159624,1078.474178403756,18802.99882629108,69.51877934272301,44.84741784037559,96.26760563380282,116.22652582159625,1304.4190140845071,1159.3779342723005,2408.8673708920187,1794.0962441314555,7691.2147887323945,5235.0352112676055,3208.3333333333335,6.01
Cape Town,12.196014342512866,48.784057370051464,5.793106812693611,3.0490035856282165,2.063565626753177,2.420908846988804,1.4952313583920773,1.155572358953094,1.357416396321682,1.183013391223748,2.2788252798985287,2.9270434422030878,8.639656560236114,6.2089909017733,8.52135522111374,1.8556235822133325,1.8672097958387197,1.8824548137668609,1.9208722589457763,1.5769446544869135,1.4958411591092031,1.2446032636534379,1.150693953216089,6.402297729102129,1.4641315218186697,3.353903944191038,1.12813132668244,60.675171354001506,1.2196014342512866,1.097641290826158,5.030855916286557,1.2897285167207355,35917.26223870039,29410.13427811791,131.04129570456374,34.72205283313413,39.03456350464668,52.4733517086616,10.633704905236968,8.232309681196185,269.48130351001294,5518.790399297509,59.19945361855745,36.822816303631974,125.61894772788251,103.53928336219722,1024.4652047710808,646.8461106910261,1714.502890455399,1241.3255847988876,2212.357001731834,1436.3642461643535,1745.6539502890455,11.27
Johannesburg,12.196014342512866,42.68605019879503,5.945556991975022,2.4392028685025733,1.9885601385467226,2.405663829060663,1.143986145327707,0.8964070541746956,1.348879186281923,1.2049662170402713,1.868429397272971,2.38371100324414,9.221406444373978,5.4894260555650405,7.7786179476547055,1.9794131277898381,1.8129375320145376,1.7617142717759835,1.9257506646827813,1.6739029685098907,1.7074420079518011,1.2720442959240919,1.119594116642681,6.098007171256433,1.6299973168768445,3.353903944191038,1.8294021513769299,82.32309681196185,0.9756811474010293,0.9147010756884649,14.635217211015439,1.3671732077956924,35917.26223870039,29987.271019830718,153.90028538673562,37.05697977900822,38.27048320608825,36.564870600287826,14.228480132692635,8.842110398321827,219.6733907359075,5467.961070322218,58.16096299729248,46.64975486011171,101.40985925799448,85.62882649949997,488.94919140424906,408.8945532599946,1201.3074127375173,840.2352611166671,1052.786789277264,768.0385150132936,1586.3459521428395,11.07
Nairobi,5.616963384371516,34.86391066161631,6.662880704220006,2.3242607107744204,2.677315912741055,2.405222458866396,0.6638088589971746,0.5201695470713154,0.8207739323314737,0.5516245420237958,1.8119161747627126,1.7141422741961352,10.856931681455421,6.536363446196852,5.892930606097466,3.141470776682707,1.0556792148337417,1.8555348007682457,0.999742007061104,1.0130677684695442,0.9490731235662218,0.6749653104088917,0.7175767567730895,11.621303553872103,2.1213527507238137,3.0990142810325607,0.7747535702581402,27.89112852929305,1.5495071405162804,1.5495071405162804,2.9053258884680258,1.4223700796369196,15495.071405162804,18938.420571876602,40.468710414934776,16.41741553055512,36.936376462056835,44.08797171839567,16.862279030597342,7.747535702581402,225.53936406677448,9028.511938565141,19.11061389148647,25.825093183485663,61.47894258533717,68.31095199394454,429.532521443242,212.08878985816588,1112.8278272888351,499.4695262304443,1546.1738407556018,902.0746351104373,406.4154244138796,15.06
Marrakech,4.063763153046739,32.51010522437391,7.04385613194768,7.04385613194768,3.5035056730133616,2.6463225652640365,2.1640893377691564,0.8723544901873667,0.9460440620292808,0.8821075217546788,1.601664517387488,2.091483436101388,8.248897365597808,5.382589754982174,11.891112820901832,1.6525970155723404,1.462954735096826,0.9482114023775724,0.8084179499127645,0.7401467289415794,0.8799401814063871,0.25032781022767914,0.6176919992631043,8.127526306093477,2.395994755036357,4.334680696583188,0.4334680696583188,27.091754353644923,0.9753031567312173,0.704385613194768,5.418350870728985,1.4510343631812221,34027.24346817803,31240.662555944476,37.51341041840506,9.138590578571506,38.60574995394402,27.865494857985023,23.407275761549215,6.502021044874782,104.80282621181418,8215.53224460603,33.27084168662426,46.99010609131005,100.23949110848622,86.3327517636732,496.13996683969265,307.03952145125106,746.6487499864542,475.189371362932,1854.571462629634,976.8636417819872,520.7533675050662,4.75
Casablanca,5.418350870728985,32.51010522437391,8.127526306093477,3.7928456095102896,3.2271697786061835,2.2757073657061735,0.7661548131210785,0.48006588714658804,1.003478581259008,0.6935489114533101,1.9831164186868087,2.002622481821433,12.572741360439537,7.404718299938231,12.116516217124156,1.6796887699259853,1.5019668613660746,0.826840342873243,0.7531507710313289,0.6480347641391866,0.7076366237172055,0.4453884415739226,0.565675830904106,8.127526306093477,2.9811766490750875,4.334680696583188,0.8669361393166376,26.00808417949913,0.8669361393166376,0.5667595010782519,4.811495573207338,1.468373085967555,35652.74872939672,29790.30223561157,52.07360287822798,12.78839172509455,40.969234603756,31.392841274829593,23.027991200598187,8.669361393166376,534.6124253622168,5675.791891979757,60.577162734750054,50.368989694296644,102.50978012332168,69.88372219031416,566.4636591207101,339.75877501923515,1050.5900584098224,547.8321178166213,2131.5553918009514,1180.3519760725626,557.5179618331365,5.1
Tel Aviv,26.921523758244717,134.6076187912236,20.191142818683538,10.768609503297887,4.216583658635079,5.5323731323192895,3.9036209449454837,3.0051150895140664,2.5272580428052227,3.779108897563602,3.8935253735361424,5.121819895006057,19.598869296002153,15.553910351325884,24.922600619195048,4.866065419302733,3.4358594696459823,2.7931080899178897,4.226679230044421,2.1840086148876026,2.311885852739265,2.6080226140799567,2.1368959483106744,16.82595234890295,4.044958944676268,14.975097590523623,2.6921523758244716,94.22533315385651,4.442051420110378,1.1576255216045228,38.36317135549872,2.4666846143491723,59530.21941041863,58320.09691748553,326.3696325212007,12.087764167451878,35.74841836047921,102.25804280522277,23.18279714631848,15.900524969713286,1614.678960829183,30201.006191950462,126.25858123569795,91.89662134876833,163.9756360209988,182.23852470049803,2213.662673307309,1544.47772243909,3721.3386727688785,2807.130838605465,22520.207968771032,14659.610983981693,4335.3580562659845,5.39
Rio de Janeiro,8.033096356990802,40.16548178495401,7.631441539141262,2.4099289070972407,2.5725991083263042,2.3516889585090577,1.5242800337390046,0.9920874000883642,1.200947905370125,2.020323733783187,1.427882877455115,2.2974655580993693,9.410772382214725,4.265574165562116,9.173796039683495,2.5826404787725425,1.7471984576454993,1.7130577981282884,1.6508013013616099,1.333493995260473,1.1406996826926938,0.7269952203076676,0.6426477085592642,8.033096356990802,1.3174278025464914,2.6870707314134235,1.0041370446238502,56.63332931678515,1.2250471944410972,0.8033096356990802,9.236052536450176,1.2290637426195927,23876.370647065913,32668.948066032055,118.99827288428324,11.941197734666828,21.167208900670765,28.736393943045346,30.02369763425312,8.033096356990802,613.4976101538338,13745.519540506888,46.780736634935934,47.33702855765755,81.95766558219866,65.09017150660722,661.4752781459614,359.2983090332168,1101.337510543439,675.6938586978351,2920.998513877174,1317.204884122585,542.4850383580351,11.12
Cairo,4.829163511613173,28.974981069679036,5.794996213935807,1.5453323237162153,1.9654695492265613,1.8317983032251086,0.3585170991021619,0.1572375639381249,0.9258472284464774,0.6876728840537158,0.7456228461930738,1.3088964781876344,4.215666579097835,4.76290738823384,8.981664631979108,1.7825408354066543,0.7815518227194759,0.6295297553738932,0.3529152694286906,0.35523326791426496,0.3884579128741636,0.2849206471851772,0.21055152910633432,7.726661618581076,1.3226113025606157,1.931665404645269,0.34769977283614845,6.857412186490705,0.38633308092905383,0.23179984855743227,0.9658327023226345,0.3849809151458021,32645.145338505044,28231.289888890606,24.773608814575574,6.957086121370401,10.539166447744588,21.769675943811716,6.631986833768602,3.863330809290538,102.85268346958014,2796.890598198143,37.28114230965369,44.24440976031896,112.21218185470786,61.62939840212638,215.40677010091022,171.30820107864196,501.31314614207787,298.0911282471295,911.5046128169863,513.0986231088996,173.2097325029748,17.19
