city,Meal at an Inexpensive Restaurant,"Meal for Two at a Mid-Range Restaurant (Three Courses, Without Drinks)",Combo Meal at McDonald's (or Equivalent Fast-Food Meal),Domestic Draft Beer (0.5 Liter),Imported Beer (0.33 Liter Bottle),Cappuccino (Regular Size),"Soft Drink (Coca-Cola or Pepsi, 0.33 Liter Bottle)",Bottled Water (0.33 Liter),"Milk (Regular, 1 Liter)",Fresh White Bread (500 g Loaf),White Rice (1 kg),"Eggs (12, Large Size)",Local Cheese (1 kg),Chicken Fillets (1 kg),Beef Round or Equivalent Back Leg Red Meat (1 kg),Apples (1 kg),Bananas (1 kg),Oranges (1 kg),Tomatoes (1 kg),Potatoes (1 kg),Onions (1 kg),Lettuce (1 Head),Bottled Water (1.5 Liter),Bottle of Wine (Mid-Range),Domestic Beer (0.5 Liter Bottle),"Cigarettes (Pack of 20, Marlboro)",One-Way Ticket (Local Transport),Monthly Public Transport Pass (Regular Price),Taxi Start (Standard Tariff),Taxi 1 km (Standard Tariff),Taxi 1 Hour Waiting (Standard Tariff),Gasoline (1 Liter),Volkswagen Golf 1.5 (or Equivalent New Compact Car),Toyota Corolla Sedan 1.6 (or Equivalent New Mid-Size Car),"Basic Utilities for 85 m2Apartment (Electricity, Heating, Cooling, Water, Garbage)","Mobile Phone Plan (Monthly, with Calls and 10GB+ Data)","Broadband Internet (Unlimited Data, 60 Mbps or Higher)",Monthly Fitness Club Membership,"Tennis Court Rental (1 Hour, Weekend)",Cinema Ticket (International Release),"Private Full-Day Preschool or Kindergarten, Monthly Fee per Child","International Primary School, Annual Tuition per Child",Jeans (Levi's 501 or Similar),Summer Dress in a Chain Store (e.g. Zara or H&M),Nike Running Shoes (Mid-Range),Men's Leather Business Shoes,1 Bedroom Apartment in City Centre,1 Bedroom Apartment Outside of City Centre,3 Bedroom Apartment in City Centre,3 Bedroom Apartment Outside of City Centre,Price per Square Meter to Buy Apartment in City Centre,Price per Square Meter to Buy Apartment Outside of Centre,Average Monthly Net Salary (After Tax),"Annual Mortgage Interest Rate (20-Year Fixed, in %)"
Paris,16.905218077313197,78.89101769412825,13.524174461850558,7.889101769412826,3.786768849318156,4.947593823960329,4.417896990871182,2.806266200833991,1.544009917727939,2.0849768962019612,2.7273751831398627,5.015214696269582,24.512566212104137,15.518990194973515,21.323115068184382,3.3810436154626395,2.3892708215935987,2.9076975092978703,3.8205792854727827,2.06243660543221,2.423081257748225,1.81449340696495,0.8227206130959089,9.016116307900372,2.5357827115969798,14.651189000338105,2.8175363462188665,101.43130846387919,9.016116307900372,1.8032232615800745,46.27521695029866,2.0398963146624594,34824.749239265184,35871.93733799166,261.45610278372595,16.138848191141665,31.376084751493295,41.924940831736734,19.3846500619858,15.778203538825652,1446.523160148766,23978.01194635411,108.72309252789361,48.05589992110898,114.06514144032458,154.40099177279387,1531.9170517299674,1155.4265750028176,3371.655584357038,2276.569367744844,14062.402794996055,9337.822607911643,3782.5087343626733,3.29
London,26.413100898045432,105.65240359218173,11.225567881669308,8.584257791864765,3.975171685155837,5.335446381405177,2.9846804014791335,2.13946117274168,1.7696777601690439,2.1526677231907025,2.2583201267828845,4.873217115689382,10.829371368198625,9.323824617010036,17.64395139989435,3.1695721077654517,1.5847860538827259,2.8262017960908614,3.248811410459588,1.5055467511885894,1.6904384574749076,1.4791336502905443,1.6508188061278395,13.206550449022716,3.2884310618066563,23.44162704701532,4.42419440042261,264.1310089804543,5.546751188589541,3.301637612255679,50.18489170628632,1.8489170628631801,38160.32752245114,40341.1912308505,379.46381405176965,16.072371896460645,41.57422081352351,77.57527733755943,25.422609614368728,19.809825673534075,2421.2625462229266,29842.459059693607,117.81563655573164,52.826201796090864,118.00052826201795,139.98943475964077,2921.9492868462758,2272.015319598521,4968.172213417855,3788.24617010037,18982.15795034337,10165.319598520868,4860.736925515056,4.69
Amsterdam,22.540290769750932,90.16116307900373,15.214696269581879,6.762087230925279,3.358503324692889,4.451707427025809,3.8656598670122846,3.121830271610504,1.7356023892708217,2.6822946016003604,2.952778090837372,5.342048912430971,14.5610278372591,14.200383184943085,23.50952327285022,3.437394342387017,2.7499154739096134,2.400540966978474,3.922010593936662,2.0849768962019612,1.5101994815733124,1.3862278823396823,1.544009917727939,6.762087230925279,1.915924715428829,14.651189000338105,3.831849430857658,107.06638115631692,4.677110334723318,3.3810436154626395,45.080581539501864,2.2314887862053423,41688.26777865434,38497.88121266764,290.6345091851685,22.303617716668544,55.482925729741915,58.2441113490364,35.99684435929224,16.905218077313197,2894.8833539952666,19997.182463653782,92.07708779443256,47.54874337878959,109.38803110560127,120.83849881663474,2485.9348585596754,1861.8280175814268,3873.4926180547727,2933.2018483038432,10503.133100416995,7078.73323565874,4983.714639918855,3.41
Barcelona,16.905218077313197,67.62087230925279,13.524174461850558,4.508058153950186,2.5019722754423537,2.952778090837372,2.5921334385213566,1.8257635523498255,1.205905556181675,1.93846500619858,1.7806829708103236,4.632029753183817,15.090724670348248,8.57658063789023,17.660317818099855,2.9865885269919983,2.0962470415868366,2.1300574777414627,2.7611856192944892,2.06243660543221,1.8821142792742025,1.4876591908035615,0.8452609038656599,7.325594500169053,1.3636875915699314,7.043840865547166,2.9865885269919983,24.794319846726022,3.3810436154626395,2.0962470415868366,33.754085427702016,1.7130620985010707,35500.957962357716,31105.601262256285,176.59190803561367,18.25763552349825,37.19147977008903,55.629437619745296,19.722754423532063,11.270145384875466,748.5743266088133,15720.128479657387,81.00980502648484,36.864645553927645,102.13005747774147,111.45046771103348,1635.0501521469628,1249.7689620196102,2550.433900597318,1927.6682069198694,6826.507381945227,4736.278597993914,2331.905781584582,3.24
Madrid,16.905218077313197,67.62087230925279,11.833652654119238,3.944550884706413,2.355460385438972,2.918967654682745,3.099289980840753,1.9948157331229575,1.2397159923363013,1.5327397723430634,1.8370336977347006,3.87693001239716,18.742251775047897,8.94849543559112,18.47176828581089,2.7273751831398627,2.445621548517976,2.6372140200608585,2.8288064916037414,2.073706750817086,2.1864082046658404,1.3749577369548067,0.9917727938690409,8.452609038656599,1.4200383184943086,6.762087230925279,1.6905218077313198,39.445508847064126,3.606446523160149,1.521469626958188,29.020624366054324,1.7806829708103236,33810.4361546264,32112.397159923366,199.24490025921335,18.33652654119238,33.37090048461625,50.53533190578159,16.296630226529924,11.270145384875466,688.1438070551111,17263.60870055224,99.30125098613772,39.389158120139754,102.50197227544236,118.00969232503098,1430.9027386453288,1128.8966527668206,2728.3218753521924,1771.6893947931928,8972.906570494759,4480.806942409557,2502.74991547391,3.17
Rome,16.905218077313197,67.62087230925279,11.270145384875466,5.635072692437733,2.7499154739096134,2.2427589315902177,2.78372591006424,1.4876591908035615,1.7919531161951991,2.006085878507833,2.997858672376874,4.789811788572073,16.72489575115519,11.743491491040235,19.711484278147186,2.5583230023667305,2.299109658514595,2.400540966978474,2.1976783500507158,1.6792516623464444,1.8708441338893271,1.3186070100304292,0.5522371238588978,4.508058153950186,1.5665502084976894,6.987490138622789,1.6905218077313198,39.445508847064126,5.635072692437733,1.6905218077313198,33.810436154626395,1.8821142792742025,29302.37800067621,31865.107629888425,206.5704947593824,11.642060182576355,32.08610391074045,69.37901498929337,25.08734362673279,11.270145384875466,522.1571058266652,13495.728614899133,67.32784852924603,35.43333709004846,82.20444043728165,121.15406288741126,1291.8967654682745,909.9628085202299,2533.5286825200046,1768.5450242308127,8686.47582553815,3558.661106728277,2033.6075735376987,3.43
Milan,22.540290769750932,95.79623577144146,13.524174461850558,6.762087230925279,2.885157218528119,2.2202186408204665,3.4148540516172656,1.8595739885044515,1.7243322438859463,2.8175363462188665,3.3359630339231376,5.127916150118336,20.601825763552352,14.279274202637215,22.968556294376196,2.930237800067621,2.3892708215935987,3.121830271610504,3.9332807393215377,2.5245125662121044,2.321649949284346,1.93846500619858,0.5184266877042715,9.016116307900372,2.1187873323565873,6.987490138622789,2.4794319846726025,43.953567001014314,7.7764003155640715,2.8175363462188665,61.98579961681506,2.006085878507833,36553.58954130508,35557.308689282094,249.64499042037642,10.78552913332582,28.975543784514823,88.35793981742366,36.32367857545362,12.397159923363011,809.5683534317593,17891.062774709793,106.99876028400766,56.35072692437733,106.53668432322777,154.96449904203766,1658.9654006536684,1164.3187197114842,3370.7990533077877,2026.1805477290657,10529.550321199145,5163.4396483714645,2166.7756114053873,3.11
Berlin,16.905218077313197,78.89101769412825,13.524174461850558,5.0715654231939595,1.7243322438859463,4.417896990871182,3.674067395469401,2.952778090837372,1.2735264284909273,2.1864082046658404,3.2908824523836357,3.978361320861039,13.310041699537924,12.746534430294151,17.637777527330105,3.4261241970021414,1.915924715428829,2.78372591006424,3.0316691085315,2.2652992223599684,1.7017919531161954,1.5101994815733124,0.96923250309929,6.762087230925279,1.2622562831060522,10.143130846387919,4.508058153950186,71.00191592471543,5.635072692437733,3.15564070776513,37.19147977008903,1.9271948608137046,33128.59235884143,38111.60824974642,375.80299785867237,20.421503437394342,48.709568353431756,36.605432210075506,34.0358390623239,15.214696269581879,128.3444156429618,12709.500732559449,80.8069424095571,38.205792854727825,94.9960554491153,108.23847627634397,1480.3786768849318,1042.0376422855854,2667.271497802322,1988.3804801081933,8071.52034261242,5589.5413050828365,3473.0530823847625,3.45
Vienna,20.84976896201961,90.16116307900373,13.524174461850558,6.198579961681506,1.961005296968331,5.172996731657839,3.685337540854277,3.245801870844134,1.7017919531161954,2.6822946016003604,2.885157218528119,4.677110334723318,19.23813817198242,14.031331004169953,23.949058942860365,3.2908824523836357,2.3892708215935987,3.200721289304632,4.429167136256058,2.1751380592809646,1.9948157331229575,1.9948157331229575,0.9354220669446636,8.170855404034713,1.4200383184943086,7.325594500169053,3.3810436154626395,57.47774146286487,5.409669784740223,2.141327623126338,45.080581539501864,1.7581426800405726,29854.615124535107,29723.126338329766,325.25639580750595,14.696269581877605,36.30113828468387,40.62887411247605,26.958187760622113,13.524174461850558,357.827115969796,27629.69683308915,92.62932491829145,39.806153499380144,89.81178857207257,159.9008227206131,1244.8439084864194,901.1044742477178,2350.152146962696,1564.5666629099517,13313.794657951088,6241.67699763327,3380.108193395695,3.38
Lisbon,14.651189000338105,56.35072692437733,11.270145384875466,3.3810436154626395,2.400540966978474,2.569593147751606,2.456891693902852,1.555280063112814,1.183365265411924,1.7581426800405726,1.622900935422067,3.955821030091288,11.968894398737744,7.765130170179195,15.631691648822269,2.152597768511214,1.7017919531161954,1.9497351515834556,2.321649949284346,1.7468725346556973,1.8821142792742025,1.6792516623464444,0.8452609038656599,5.635072692437733,1.2622562831060522,6.53668432322777,2.254029076975093,45.080581539501864,3.944550884706413,1.1044742477177956,16.67981516961569,2.017356023892708,33864.5328524738,39451.189000338105,170.93429505240616,19.722754423532063,35.17412374619633,47.0866674180097,19.441000788910177,9.016116307900372,595.841316352981,16278.936098275668,107.41575566324806,48.08971035726361,109.1851684886735,127.7020173560239,1544.0099177279387,1177.0990645779332,2921.5710582666516,1911.4166572748788,7507.855291333259,4116.984109095008,1541.7896990871182,3.53
Athens,16.905218077313197,67.62087230925279,10.143130846387919,5.635072692437733,2.6710244562154855,3.9670911754761637,2.5357827115969798,0.5973177053983997,1.7243322438859463,1.4538487546489351,3.3021525977685116,4.406626845486307,14.470866674180098,10.774258987940945,17.626507381945228,2.254029076975093,2.0398963146624594,1.4087681731094333,2.1864082046658404,1.228445846951426,1.228445846951426,1.070663811563169,0.9128817761749127,10.706638115631693,1.93846500619858,5.635072692437733,1.3524174461850558,30.429392539163757,4.508058153950186,1.014313084638792,16.905218077313197,2.017356023892708,28152.823171418913,28078.158458244114,196.60768623915249,25.481798715203425,33.24692888538262,53.79240392201059,26.225628310605206,10.143130846387919,638.9496224501297,13538.758029978588,99.06457793305535,41.970021413276235,104.03471204778542,123.46444269131072,708.3624478755776,591.0176941282542,1280.7956722641723,1065.3555730868927,3999.6506254930687,3424.715428829032,1301.8595739885045,4.42
Dublin,22.540290769750932,101.43130846387919,13.524174461850558,7.889101769412826,3.5726360870055225,4.778541643187197,2.9865885269919983,2.321649949284346,1.6905218077313198,2.445621548517976,2.344190240054097,4.451707427025809,9.782486194071904,10.774258987940945,14.876591908035612,3.020398963146625,2.0511664600473347,2.7949960554491153,5.409669784740223,1.7130620985010707,1.521469626958188,1.2960667192606783,2.06243660543221,13.524174461850558,3.978361320861039,21.413276231263385,2.254029076975093,108.19339569480447,5.0715654231939595,1.521469626958188,33.810436154626395,2.0398963146624594,39253.91637552124,38343.10830609714,236.0644652316015,20.117209512002706,53.18381607122732,57.43266088132537,21.12025245125662,14.651189000338105,1245.6778992449003,11764.397610729178,110.71790826101656,49.66753071114618,112.37461963259325,102.69356474698525,2436.6843232277697,2062.43660543221,4255.821030091289,3346.748563056464,7632.852473796912,5745.937112588753,4058.638566437507,3.8
Brussels,22.540290769750932,90.16116307900373,14.651189000338105,5.635072692437733,2.7048348923701115,4.350276118561929,3.245801870844134,3.042939253916376,1.3411473008001802,2.7949960554491153,2.6710244562154855,4.677110334723318,15.575340921897894,13.445283444156429,20.883579398174238,2.8964273639129945,2.456891693902852,2.5808632931364817,3.8093091400879073,2.6034035839062324,2.355460385438972,1.5890904992674404,1.1157443931026712,9.016116307900372,2.3892708215935987,13.524174461850558,2.8175363462188665,61.98579961681506,2.930237800067621,2.028626169277584,40.572523385551676,1.8483038431195762,35692.5504339006,33776.62571847177,247.2557195987828,21.323115068184382,54.29956046432999,37.270370787783165,27.161050377549874,15.665502084976897,1496.0667192606786,35956.012622562834,93.2041023329201,44.61850557872197,109.1851684886735,144.35929223486983,1298.7377437168939,1076.7046094894624,2369.4128254254483,1874.5520117209512,4906.31128141553,3707.1001915924717,3417.7053983996398,3.49
Zurich,48.07114529503666,300.4446580939791,42.062252133157074,21.632015382766497,14.373272443215962,19.877418579497657,7.9677923326523254,5.323879341425309,8.79701958899171,6.874173777190242,9.289748828265834,17.317630092536955,65.12438408845091,32.664343227977405,54.831150102151184,15.454873212354284,9.217642110323279,9.433962264150944,9.878620358130034,6.4054801105636345,6.826102631895205,5.948804230260786,3.845691623602933,60.08893161879582,9.121499819733206,31.847133757961785,5.408003845691624,240.35572647518327,10.816007691383248,4.807114529503666,60.08893161879582,7.354885230140608,156060.91815887514,152730.56123062133,577.4906862155991,82.24972959980772,127.6649441172936,289.5565436846533,123.61495012618677,56.784040379762054,3671.253455113568,73504.59079437568,367.6961903617354,274.2939550534792,488.9075832231703,541.4373272443216,5502.139165965629,3767.888474942916,11326.763610143013,6461.146496815287,22505.233745944,13245.066698714098,8758.514601610384,2.08
Geneva,48.07114529503666,300.4446580939791,42.062252133157074,21.632015382766497,14.373272443215962,19.877418579497657,7.9677923326523254,5.323879341425309,8.79701958899171,6.874173777190242,9.289748828265834,17.317630092536955,65.12438408845091,32.664343227977405,54.831150102151184,15.454873212354284,9.217642110323279,9.433962264150944,9.878620358130034,6.4054801105636345,6.826102631895205,5.948804230260786,3.845691623602933,60.08893161879582,9.121499819733206,31.847133757961785,5.408003845691624,240.35572647518327,10.816007691383248,4.807114529503666,60.08893161879582,7.354885230140608,156060.91815887514,152730.56123062133,577.4906862155991,82.24972959980772,127.6649441172936,289.5565436846533,123.61495012618677,56.784040379762054,3671.253455113568,73504.59079437568,367.6961903617354,274.2939550534792,488.9075832231703,541.4373272443216,5502.139165965629,3767.888474942916,11326.763610143013,6461.146496815287,22505.233745944,13245.066698714098,8758.514601610384,2.22
Copenhagen,22.64253475629085,120.76018536688454,13.585520853774511,9.05701390251634,2.4861503162407352,6.907482602985795,4.721723247845186,3.402418222711972,2.203873382945643,4.682476187600948,3.133726810270654,5.2636345796790796,16.53659788367775,12.868507253158635,17.56758796624753,3.4190227481999185,3.3601521578335625,3.8628164294232192,5.708937763219467,2.5872869714855016,2.1329267740425983,2.264253475629085,1.6317720047700275,11.321267378145425,1.8989539148942594,9.736289945205066,3.6228055610065364,113.21267378145426,5.8870590366356215,1.8114027805032682,75.85249143357436,2.1646263227014053,50567.57287122436,53334.575150572855,169.70277899376578,14.118375171705889,41.2471508143765,60.61557504490769,33.33433966821139,19.623530122118737,794.0782224100714,12514.755385149516,118.02345766600752,52.2031186317871,134.04380575724184,188.23493894063128,1883.9268193276678,1335.5412320557912,3420.3541292435884,2352.307274291666,10313.599106374628,6991.362627741634,4829.285854453787,3.78
Stockholm,16.82412320434839,104.52857612169117,10.950612736558123,7.466326865835084,2.290669082438204,4.997461448865616,3.5032005654498213,2.754576858368757,1.6993359946640652,3.769997312122328,3.756060168639436,4.796368378612458,13.200465898796429,13.570795711341848,19.424395974156553,3.421568725050024,2.8650784959831164,3.1557674886262954,4.532558162686285,1.851649062727101,1.8566266139709908,2.552488277866821,1.692367422922619,12.941633234114146,2.156275198853172,7.764979940468487,4.280694069745448,105.52408637046919,5.873510467790266,1.493265373167017,56.24632905595763,1.7092910971518454,32841.883107186586,33662.62555873013,268.69319369642915,22.823067963484682,40.33210221899235,45.55355347383301,35.27889219619516,17.9191844780042,158.9829867298484,16326.368079959384,101.60078048003504,47.67797234472529,121.37161402076636,193.62773889757196,1658.1457626106262,1030.5094025942997,2614.1193218584185,1811.1646474400457,11100.128420822091,6127.748852674438,3571.681715463261,3.28
Oslo,25.960539979231566,124.61059190031152,15.57632398753894,12.357217030114226,4.262720664589823,5.445482866043613,4.136033229491173,3.4371754932502596,2.497403946002077,4.049844236760125,3.807892004153686,5.339563862928348,13.717549325025958,15.95846313603323,34.0269989615784,3.6240913811007265,2.6863966770508827,3.64693665628245,5.554517133956386,2.705088265835929,2.9553478712357215,2.937694704049844,2.519210799584631,18.380062305295947,3.3842159916926273,18.172377985462095,4.569055036344755,82.03530633437175,11.838006230529594,1.8172377985462096,69.1588785046729,2.2533748701973,47757.00934579439,43820.80996884735,347.80477673935616,32.060228452751815,55.125649013499476,57.39563862928349,27.69158878504673,19.626168224299064,260.64382139148495,15415.946002076842,103.19937694704049,63.603322949117334,129.80269989615783,163.35202492211835,1913.9408099688471,1521.9646936656281,2746.148494288681,2271.5565939771545,10997.828660436136,7532.017653167185,4281.522326064382,5.28
Helsinki,16.905218077313197,101.43130846387919,14.651189000338105,9.016116307900372,4.203764228558549,5.308238476276344,3.358503324692889,2.7611856192944892,1.3974980277245577,2.738645328524738,2.6822946016003604,3.831849430857658,10.267102445621548,14.132762312633833,21.458356812802883,2.9076975092978703,2.1638679138960892,2.6034035839062324,4.203764228558549,1.228445846951426,1.7468725346556973,2.107517186971712,1.7919531161951991,15.778203538825652,3.5388256508508964,13.411473008001805,3.606446523160149,81.2577482249521,11.270145384875466,1.284796573875803,77.0877944325482,1.9722754423532065,36860.1374957737,37556.959314775166,126.36087005522371,28.58108869604418,25.425447988279046,46.90634509185168,36.41383973853263,19.15924715428829,497.1373830722417,14606.26620083399,101.10447424771779,41.44032458018709,108.43006874788685,148.58559675419815,1214.5159472557198,881.3253690972614,2149.8929336188435,1569.063450918517,9354.547503662798,4759.111912543673,3063.5185393891584,3.91
Porto,12.678913557984899,56.35072692437733,9.016116307900372,3.3810436154626395,2.2652992223599684,2.41181111236335,2.3892708215935987,1.3749577369548067,1.0932041023329202,1.544009917727939,1.555280063112814,3.4599346331567675,12.62256283106052,7.088921447086667,15.50772004958864,2.1751380592809646,1.4200383184943086,1.7356023892708217,2.490702130057478,1.6454412261918179,1.8370336977347006,1.7130620985010707,0.7550997407866562,5.635072692437733,1.2509861377211768,6.480333596303392,1.7468725346556973,45.080581539501864,3.944550884706413,0.8452609038656599,16.905218077313197,1.9497351515834556,33858.89777978136,35726.36087005522,136.1546263946805,15.214696269581879,37.25910064239829,46.29775724106841,15.642961794207146,9.016116307900372,565.9303505015215,10554.491152935872,107.01003042939254,35.29809534542996,90.92753296517526,104.81235207934182,1239.017243322439,912.8817761749127,2146.6358616026146,1589.0904992674407,5182.936999887298,3832.796123069988,1480.344866448777,3.67
Prague,11.509916944439329,55.24760133330877,10.12872691110661,2.762380066665439,1.976943334376899,3.842470672731625,1.9230769230769231,1.433214857921585,1.2159076260105706,1.6127695622548388,2.536785694554428,3.766965617576103,12.165061416916815,8.602051527596176,15.141525938748824,2.072705843354634,1.8572401981547302,2.2692952247656577,3.8028765584427537,1.2421502366438923,1.2472146000994455,1.7739083994769893,0.8365407635218505,6.9059501666635965,1.2085412791661294,7.6982928491188005,1.7955470433325351,25.32181727776652,2.762380066665439,1.6344082061103846,17.955470433325353,1.683670650632585,31210.290786541682,32508.019649730202,338.721202187805,30.0685070256533,24.513360711589105,60.97309441815067,16.798953978748088,11.509916944439329,1018.3974512439918,16849.31815252021,85.10110311043995,50.05432680797775,109.2070127621959,130.8401318576085,1166.3799930019704,1001.3236404486105,2371.042890554502,1604.8111452827754,9651.88302241211,7120.671350435534,2253.040459660043,4.63
Budapest,12.233616816819021,67.28489249250462,9.786893453455217,3.425412708709326,2.0106560919282903,3.3424993707333353,1.8036021273036285,1.6538932415078056,1.2126572669671856,1.7123087618081163,2.4893269339283766,3.741468199171845,11.103230622944944,7.228171328133435,14.119000672543086,2.19198887719559,2.1052525339643435,2.3812735133938228,3.3408478324630644,1.0673830672674596,1.126807860955158,1.585415571375661,0.6138828918679785,5.291039273274227,1.2544350683966226,7.646010510511888,1.5292021021023776,27.525637837842797,3.364244624625231,1.3456978498500924,20.185467747751385,1.7904204051835058,29972.361201206604,35743.08704310117,152.16554897285025,25.72276972754818,22.88909706426839,75.58212901021783,17.759143940429627,9.481053033034742,500.99572465676295,15320.01006826664,106.48669181286604,44.446809610362365,114.41074184958218,125.96612695007674,865.9502354818317,655.1101805406586,1593.931544962059,1216.7129861983394,5688.631819820845,4085.5182725888385,1647.7561252954802,6.93
Warsaw,10.940919037199125,52.77384476766637,9.010168618869868,4.891234393100785,1.9307504183292572,4.257948255888788,2.378684515381645,2.2062041446775646,1.0683485648088558,1.4133093062170163,1.7711417170807053,3.7276354743210196,9.893165143519115,6.997039516025228,14.722615523233362,1.3489509589393744,1.735101042605226,2.0208521045179557,2.965632642553739,0.9525035397091003,1.0477538936800104,1.5137083279701378,0.6873471489252155,7.723001673317029,1.2459776032951473,6.047110310207233,1.1327069120864977,28.31767280216244,2.5743338911056766,1.2871669455528383,12.871669455528382,1.5806410091388852,30864.976187411507,30991.5484618355,326.8503024842322,9.110567640622989,17.703694169133737,47.15149954949157,26.479598403912988,9.010168618869868,567.9135023812588,14703.300296048397,102.10323078903333,44.39181361822628,100.33723773973485,115.98146479598402,1131.5355901660444,892.9283048011326,1940.2342643840907,1404.2991375981464,5903.284850045051,3795.5335306989314,2125.2928304801135,7.04
Bucharest,12.784726513392,61.792844814728,7.3512177452004,3.196181628348,1.685453112015512,3.1152116937631837,2.147834054249856,1.9113166137521043,1.5597366346338242,1.208156655515544,1.578913724403912,3.564807909484136,9.358419807802944,7.006030129338817,11.830133600392065,1.308303679870448,1.634314205961944,1.56612899789052,2.167011144019944,0.77773752956468,0.775606741812448,0.839530374379408,0.8864077049285121,6.6054420319192,1.2038950800110801,6.392363256696,0.9588544885044,19.177089770088,0.6392363256696,0.6392363256696,6.392363256696,1.6470989324753362,27670.045385779118,27079.563614668343,185.43180413798981,6.997506978329889,9.846370203064073,49.17645053376233,25.15394941509876,8.523151008928,663.8107008160916,14050.045811936672,84.63702030640727,38.03882295284567,86.68470733630222,98.91542903411391,619.2665828556818,410.10206473333193,1137.8534444184015,725.3563742515607,3789.271483667512,2155.2214953868443,1385.719460484541,7.09
Sofia,12.397159923363011,56.35072692437733,10.830609714865322,3.166910853150006,1.7356023892708217,2.9865885269919983,2.152597768511214,1.577820353882565,1.9046545700439537,1.3862278823396823,2.208948495435591,3.798038994703032,11.946354107967993,8.441338893271723,14.651189000338105,1.961005296968331,1.9722754423532065,1.8032232615800745,3.0316691085315,1.036853375408543,0.9128817761749127,1.036853375408543,0.7550997407866562,7.201622900935422,1.0819339569480446,4.034712047785416,0.9241519215597881,28.783951312971936,1.7243322438859463,0.96923250309929,13.828468387242195,1.476389045418686,30261.309590893725,27825.67339118675,155.9111912543672,18.426687704271387,13.77211766031782,44.17896990871183,24.58018708441339,10.143130846387919,674.112476050941,11576.253803674068,84.23306660655922,39.817423644765015,105.75904429167137,112.216837597205,754.3221007550997,583.3765355573087,1381.5845824411138,961.2081595852586,4218.359066831962,2906.2436605432213,1619.0690859912092,2.95
Belgrade,12.941079122431269,57.72972099225845,11.54594419845169,3.3675670578817427,1.601133811720288,2.841360651037307,2.856851459503563,2.2475142544302753,1.3921522217283124,1.016812819076979,2.8038363323923394,2.6295887911973725,10.175344405893819,7.185907020511371,14.467549161668236,1.6278819157800344,1.984459159108884,1.9733942959187012,2.197674261973625,0.979962013843587,0.7713652886582266,0.8375620353960163,0.6912171926806412,7.697296132301126,0.8807631099385564,4.618377679380676,0.0,0.0,3.0789184529204507,1.0102701173645228,17.318916297677536,1.8070364832593433,30779.89052520576,25347.966759226652,226.33620250046664,21.474494047103605,38.2965498794411,41.376719142983056,25.449185337420598,7.905604208881526,439.24466433053726,9752.080771576964,115.14914473418351,45.166963974729775,111.56441770916922,144.74188079582345,864.7471534436742,587.3621943451815,1624.5928611427023,1071.4348529720223,5019.1783906108385,2975.7781485308747,1220.748254157021,4.84
Zagreb,13.524174461850558,67.62087230925279,9.016116307900372,3.3810436154626395,2.4343514031331006,2.41181111236335,2.8626169277583684,2.6034035839062324,1.3749577369548067,1.7581426800405726,2.975318381607123,4.045982193170292,12.926856756452159,11.495548292572973,13.445283444156429,1.9046545700439537,1.7468725346556973,2.017356023892708,2.885157218528119,1.4200383184943086,1.2622562831060522,1.205905556181675,1.284796573875803,7.889101769412826,1.6792516623464444,5.635072692437733,0.5973177053983997,55.223712385889776,2.254029076975093,1.1270145384875465,10.030429392539164,1.6792516623464444,29815.73312295729,26250.09579623577,208.80198354558775,21.278034486644877,39.73853262707089,53.037304181223945,17.84064014425786,9.016116307900372,485.157218528119,10836.24478755776,98.3883692099628,38.882001577820354,95.99909838836922,109.9628085202299,848.2249521018821,644.6523160148766,1440.076636988617,1066.2121041361434,5247.661444832638,3374.9013862278825,1853.8262143581653,3.23
Tallinn,16.905218077313197,90.16116307900373,11.270145384875466,6.762087230925279,2.378000676208723,4.406626845486307,2.2314887862053423,2.332920094669221,1.138284683872422,1.5101994815733124,3.121830271610504,2.975318381607123,12.205567451820128,9.478192268680266,24.39986475825538,2.321649949284346,1.544009917727939,2.7499154739096134,3.3021525977685116,0.9805026484841655,0.946692212329539,2.0511664600473347,1.0030429392539164,11.191254367181337,1.915924715428829,6.762087230925279,2.254029076975093,33.810436154626395,4.508058153950186,1.1270145384875465,19.15924715428829,1.81449340696495,30688.60588301589,33246.92888538262,331.0492505353319,17.953341598106615,33.134227431533866,51.71869717119351,41.28254254479883,12.397159923363011,609.1513580525188,10330.3279612307,108.55404034712048,49.12656373267215,110.34599346331568,144.3705623802547,781.9452270934296,569.4917164431421,1504.5644088808747,1030.0912881776176,5168.680265975431,3497.554378451482,2104.643299898569,3.67
Riga,13.524174461850558,67.62087230925279,7.889101769412826,5.635072692437733,2.1976783500507158,3.4712047785416433,1.8483038431195762,1.3186070100304292,1.1495548292572975,1.5665502084976894,2.5808632931364817,3.561365941620647,10.503775498703934,8.238476276343965,12.82542544798828,1.8708441338893271,1.9722754423532065,2.5470528569818547,3.5839062323903983,1.1270145384875465,1.0481235207934183,1.6905218077313198,0.9016116307900373,7.889101769412826,1.893384424659078,5.635072692437733,1.6905218077313198,33.810436154626395,3.3810436154626395,0.8452609038656599,19.102896427363913,1.7581426800405726,27485.630564634284,30470.370787783162,349.73515158345543,21.785191028964274,21.05263157894737,51.34678237349262,32.17626507381945,10.819339569480446,607.2917840640145,17473.06435253015,72.89530034937452,45.339794883353996,83.21875352192043,131.3760847514933,589.2032007212892,389.2257410120591,1103.6402569593147,743.9986475825538,3071.2723994139524,2010.3798038994703,1555.2575228220444,4.77
Vilnius,13.524174461850558,73.25594500169052,7.889101769412826,5.635072692437733,2.107517186971712,3.5275555054660206,1.9722754423532065,2.5019722754423537,1.4651189000338105,1.521469626958188,2.5132424208272286,3.0316691085315,11.101093204102332,7.269243773244675,11.87873323565874,1.6341710808069425,1.5327397723430634,1.9835455877380819,3.088019835455878,0.8565310492505354,0.8903414854051618,1.6792516623464444,0.8790713400202863,9.016116307900372,1.6341710808069425,6.142229234757129,1.1270145384875465,42.82655246252677,3.099289980840753,1.2397159923363013,14.200383184943085,1.6341710808069425,27485.630564634284,31443.705623802547,236.81956497238815,14.087681731094332,18.449227995041138,42.96179420714527,35.19666403696608,9.579623577144146,613.9186295503213,11739.918854953228,80.77313197340246,42.172884030203996,101.5665502084977,128.3444156429618,822.2585371351291,626.6877042713851,1437.473233404711,978.2373492618055,6021.266764341261,3343.48022089485,1861.726586272963,4.21
Ljubljana,16.905218077313197,67.62087230925279,10.143130846387919,3.3810436154626395,2.06243660543221,2.6597543108306096,3.054209399301251,1.9835455877380819,1.4651189000338105,2.1638679138960892,3.178180998534881,3.764228558548405,14.78643074495661,10.300912881776176,13.242420827228672,2.073706750817086,1.7017919531161954,2.1976783500507158,3.4599346331567675,1.3636875915699314,1.6116307900371913,1.7806829708103236,0.9241519215597881,7.325594500169053,1.5101994815733124,6.085878507832752,1.6905218077313198,41.69953792403922,2.1976783500507158,1.228445846951426,19.147977008903414,1.7130620985010707,29469.176152372365,24790.566888312856,323.8588977797814,18.37033697734701,42.51098839175025,52.676659528907926,20.0270483489237,9.016116307900372,615.2485067057365,13721.402006085878,107.82148089710358,41.78969908711822,107.46083624478756,139.7948833539953,1053.2852473796913,848.4278147188098,2061.929448889891,1482.0241181111237,6314.718809872647,4807.010030429393,1873.3348360193847,3.73
Bangkok,3.564617605646354,35.64617605646354,7.426286678429904,2.9705146713719617,3.178450698367999,2.8047599527094063,0.6879711978897464,0.41943667159772097,1.8449866623891256,1.6697262967781799,1.375051241378081,2.5091937429078963,16.214257282216717,3.13389297829742,10.126781566174156,3.438667783580183,1.7968643247128997,2.192833930406782,1.9017234926123299,1.5485292981862038,1.4151531894416027,1.261577580931672,0.5774680521147094,16.33783069254579,1.7600299427878874,4.455772007057942,1.1882058685487846,34.309444454346156,1.0396801349801867,1.1882058685487846,5.941029342743923,1.1570154644993793,31190.4040494056,26629.3139299315,92.54103766018501,12.772024881030886,18.12815988498167,62.3808080988112,14.28669031196345,7.5748124119985025,522.7280018536012,14825.028665466578,62.680533029152635,37.7086043927971,96.97868952774758,93.94252648213829,669.4648914870991,313.55832011454305,1941.7785065440437,737.4873010497798,5779.30145376988,3063.3432548523356,742.3928089780835,5.67
Kuala Lumpur,4.8959608323133414,29.37576499388005,4.8959608323133414,4.406364749082007,4.959608323133415,3.2460220318237454,0.8004895960832313,0.45777233782129745,2.1835985312117505,1.0820073439412485,1.7233782129742963,2.5532435740514074,15.013463892288861,4.724602203182375,9.50061199510404,3.1848225214198287,1.7307221542227662,2.6707466340269277,1.613219094247246,1.3047735618115055,1.4761321909424725,1.2166462668298652,0.7050183598531211,18.359853121175032,3.3635250917992656,4.406364749082007,0.7343941248470013,12.239902080783354,1.2239902080783354,1.2239902080783354,4.8959608323133414,0.6095471236230111,41615.667074663404,34504.283965728275,64.67809057527539,8.778457772337822,26.359853121175032,47.716034271725825,6.548347613219094,5.140758873929008,295.7674418604651,10949.760097919216,65.37331701346389,43.68176254589963,87.78702570379437,94.91064871481028,668.1542227662178,370.25703794369645,1281.8041615667075,669.2827417380661,3857.6817625458993,1489.5960832313342,1534.638922888617,4.47
Singapore,10.153077163386442,62.480474851608875,7.810059356451109,7.810059356451109,4.475164011246486,4.725085910652921,1.6244923461418308,1.1793189628241174,2.9756326148078727,2.382068103717588,2.428928459856295,3.52233676975945,18.353639487660107,10.293658231802562,24.937519525148392,4.303342705404561,3.0615432677288346,4.904717275851297,2.241487035301468,2.5773195876288657,2.491408934707904,2.007185254607935,1.358950328022493,25.382692908466105,4.584504842236801,13.761324586066856,1.5620118712902218,95.28272414870354,3.59262730396751,0.7810059356451109,16.791627616369883,2.2649172133708215,156201.18712902218,136109.91096532333,153.31146516713528,12.566385504529835,28.334895345204625,102.55388940955952,11.543267728834739,11.715089034676664,1520.1655732583567,30015.36238675414,78.92845985629491,47.27428928459857,102.71790065604499,116.2293033427054,2676.9993751952516,2045.9543892533582,5477.55388940956,3724.054982817869,23483.88784754764,16190.135895032801,4233.544204935958,2.66
Bali,3.0601531977232193,27.81957452475654,4.069025616731591,2.2255659619805233,2.730769991741593,2.205183672509215,1.158388722291676,0.5131164731474005,1.3567840180149773,2.1381540768662854,1.0722264924650906,1.83821399577868,16.3701526589137,3.7166951565074737,11.545123427773964,3.4062225845047953,1.4842004512958147,2.183869983682818,1.858728706424726,1.7415387487391891,2.0858443744958954,0.935863840408582,0.5193068848706494,21.504531107636804,2.2951148982924146,2.114287663881497,0.25456246029729424,8.033717257557026,0.43470366400043126,0.4382028100841551,5.563914904951308,0.6949329716284184,24054.52859775479,32686.609087862696,69.44913136271782,5.748319180254619,17.61906405114297,51.4662128707996,13.687230666180218,3.8947404334659157,474.88668530904573,5476.319319397003,43.19985942880271,33.34079305951023,77.89479475953105,74.69749050300929,1031.3878917549703,653.3969631173201,3193.457254478178,1505.7499794524624,2500.5175269884926,1952.8620694812346,209.39082008789606,13.28
Ho Chi Minh City,1.9281479224491502,19.7942416278776,4.62755501387796,1.15688875346949,1.68384618186066,1.7408422344482568,0.5640565369374295,0.3436966091019904,1.564210002086873,1.0134345480392732,1.051967427380666,1.513518993205685,12.013270871418433,3.6056366149799106,10.680396972030332,2.786173747939022,1.1841041757652755,1.252959494964688,1.2021581960223358,1.15688875346949,1.2725776288164392,0.7808999085919058,0.5380369519831472,13.11140587265422,0.9290560955458071,1.349703545714405,0.26994070914288104,11.568887534694902,0.732696210530677,0.6362888144082196,3.0850366759186403,0.8547121104703507,32778.514681635555,32306.860036019963,94.20569838358425,6.036586128647787,9.684561015708837,21.013727318019818,10.570787547082867,3.4706662604084704,352.8816760714267,18457.426064666593,48.58031471106989,31.16061231561141,95.67051544530554,81.8895764030234,560.6753459957326,292.45639620731146,1145.8707651759394,653.2565161257721,4257.82242786494,1908.3155439835143,491.8245749116395,8.77
Hanoi,2.1209627146940653,26.994070914288102,4.588992055428977,0.9640739612245751,1.7153478769880497,1.8571573722404173,0.46584053806371467,0.25451552576328784,1.4566282174946539,0.9120097253930186,0.835817803348687,1.4677397483421437,12.857168000191766,3.823355365791179,10.034428469421833,3.243918378505957,1.0894159163304735,1.3963751374364557,1.1265381626518025,0.9774649485459844,1.08000038439557,0.59613204888654,0.5443524076883371,14.461109418368626,0.9418709522679887,1.4036916875429812,0.38562958448983004,8.0479216794335,0.7712591689796601,0.578444376734745,2.31377750693898,0.7981568324978258,30773.240842288436,30721.823564485,71.59407631927236,5.556244375688918,9.139421152408971,29.466887075055286,9.991311996839196,3.9527032410207577,586.1061725244134,20853.832087947732,50.14542361571821,25.295725060050625,87.74592543395397,83.30000426814824,453.79715453493225,296.6911173048021,894.0377258491721,564.4808023643598,4370.468624089531,2442.3207016403803,504.47760140743077,7.83
Jakarta,1.808272344109175,16.691744714853925,3.2270706448717585,2.6428595798518715,3.227084554659021,1.909434332128019,0.4686335298738053,0.24441499229364402,1.347510641042895,1.078008512834316,0.8482644513620475,1.6794120749105028,7.476575194941218,3.0671080913544086,7.568567294805211,2.747815045052911,1.4539388745192752,2.2507499100148043,1.5971707359174365,1.6288360884244955,2.4698485330994298,0.9581061466326153,0.4513725966641749,21.699268129310102,2.1849065410296107,2.781957452475654,0.1947370216732958,11.684221300397747,0.5007523414456178,0.33383489429707847,3.338348942970785,0.7219179589174323,27819.57452475654,33110.857599365234,91.12336910804503,5.366404271697894,18.711755179019963,24.860583315052164,11.649446832241802,2.9210553250994367,160.2514492273514,7144.06673795748,50.201684125823625,31.793799377380115,69.42248354867205,90.82272853007088,356.0905539168837,206.06122485224526,1134.0137090634682,605.4234905950142,2716.1177929525275,1355.0272758687602,450.45026426481513,9.8
Manila,5.570569566864343,26.022517833780572,3.978978262045959,1.4324321743365451,2.1663149249883022,2.45789445203103,1.3398015603961153,0.8207836358948404,1.842266935327279,1.2427144908021939,0.9678466724600591,2.075594220613654,8.15722375545518,4.651425588331726,6.869308071596143,3.0717712182994803,1.921050704915789,3.0202036600233644,2.0388284614723493,2.2995311172016004,2.705705218191252,2.1667924023797474,0.5968467393068938,9.5495478289103,1.3512610177908078,3.0240234791549288,0.4774773914455151,12.732730438547069,0.7162160871682726,0.23078073919866562,1.9099095657820604,1.0017475672526905,21327.32348456634,20104.692011166608,109.2438031392547,13.718562092751576,24.10560526625731,40.78818784597216,5.305251296351118,6.525524349755373,503.8279362472187,11190.271557308428,50.002546546087714,25.799695051106,71.37554870110233,50.26738733920949,540.6627704511525,256.7426174037326,1911.6762321304086,650.4303662888229,4235.6223599479235,2527.9774694334887,433.3607087037762,7.4
Chiang Mai,2.0793602699603735,18.565716696074762,7.426286678429904,2.0793602699603735,2.802680592439446,1.7540889134451434,0.7426286678429904,0.3252713565152298,1.8209254935510124,1.6530914146184967,1.1216663399100528,2.0653988510049253,14.774151769535589,2.834465099423126,11.073187540473262,2.517808235454875,0.9591791873860065,1.664082318902573,1.506645041319859,1.287124007105471,1.0904759358606473,0.7999596010004693,0.49132312664492245,17.82308802823177,1.6857670760035883,4.2418949507191615,0.8911544014115885,53.46926408469531,1.1882058685487846,0.8911544014115885,1.782308802823177,1.1935527949572542,20793.602699603733,26209.841018054787,63.304044058673604,13.400585785493194,17.894974483278972,43.44377706881494,3.8058233969617574,6.832183744155512,781.3089275847933,14817.257204983334,54.82946275271653,24.81686777050992,94.52177684305582,76.48243534674818,440.847844297503,260.53166271588213,889.4217002037773,514.1274707255778,1934.3991539974215,1444.2642332210478,605.7363608818864,5.82
Phuket,5.941029342743923,40.10194806352148,8.614492546978688,2.0793602699603735,2.929818620374166,3.0097254650340717,0.6903476096268438,0.42181308333481854,1.9091497792907597,1.7133928624473476,1.544370577646283,2.0478728144438305,19.388846311511934,3.064679986454453,11.045561754029501,2.9140748926158944,1.6887375906749604,2.2109540699021513,2.0951039977186445,1.446343593491008,1.346237249065773,1.0747322081023758,0.543604184861069,18.505118196778774,1.747256729700988,4.325069361517576,1.4109944689016818,22.403918702954474,2.9705146713719617,1.0396801349801867,3.7862180001307024,1.2633598897344953,26734.632042347657,26556.40116206534,110.07628281676084,11.089822422632945,17.588714420660523,62.764895645819585,11.056849709780717,7.426286678429904,555.3210829308285,11284.280333410567,62.930650364482155,28.69041890197896,91.95346985818763,87.85861538370138,673.8116456057177,458.6474652598309,2080.1028986282163,1145.9586147895984,3564.617605646354,2554.6426173798873,501.46149321831496,5.57
Phnom Penh,5.0,40.0,7.0,1.5,1.81,2.96,1.4,0.84,2.17,1.67,1.06,1.69,13.4,4.13,8.88,3.95,1.72,4.46,1.89,2.11,1.25,1.2,0.72,12.0,1.02,2.0,0.4,9.6,1.11,1.0,5.1,1.07,35000.0,36975.0,110.49,8.08,27.13,40.62,11.83,5.0,632.5,10987.71,28.75,23.0,93.0,55.83,616.31,344.54,1190.79,746.6,2874.67,1509.5,348.97,8.08
Siem Reap,2.5,23.0,8.0,1.0,2.27,1.67,0.78,0.54,2.06,1.72,0.8,1.77,13.3,2.89,9.95,3.3,1.33,3.06,1.25,1.68,0.95,1.33,0.79,7.45,0.96,1.5,1.0,15.0,2.0,1.0,5.0,1.06,20000.0,20000.0,93.08,6.12,14.6,35.0,14.0,5.0,250.0,4490.0,26.25,13.33,70.0,44.67,341.4,233.6,649.6,413.6,2485.67,1084.8,220.08,9.2
Tokyo,7.599096973976259,50.66064649317506,5.066064649317506,3.7995484869881295,2.837756113315201,3.5462452545222543,1.442878537933742,0.8328610283477981,1.54711281809345,1.4615596513281006,5.875241825429745,2.3354558033353703,11.953949472337705,7.5724368087592255,22.069550735054317,5.348434427708841,2.628527643298388,4.658879703128612,5.804696875187998,3.4032555797952675,3.357914301183876,1.2678460042998225,0.8290614798608098,9.498871217470324,1.8714042814578866,3.8628742951045982,1.3931677785623142,93.34224116367506,3.166290405823441,3.166290405823441,18.617787586241835,1.123273184369924,21746.082507195395,15910.961127452689,166.61507724165446,23.804487900021215,30.210146694234503,71.43455119416643,27.995263229552886,12.665161623293764,1149.8916178794086,16754.675629379377,49.92739696099447,37.46690434953313,54.411624085337856,81.10573193552166,1367.8374553157266,766.2422782092729,2427.5704737087076,1395.5906873066583,13762.634416943454,5802.59249525848,2696.428994354504,1.75
Hong Kong,8.283737112416684,63.721054710897576,6.372105471089757,7.046274229931053,2.2824881797443513,4.957498056507831,1.2718722520295156,1.0807090878968229,2.901856831534275,2.2824881797443513,2.2455299680120304,3.300750634024494,22.541960314527124,9.439637044872365,20.09889507691131,3.723858437304854,2.3780697618106976,3.7327793849643798,2.912052200288019,2.3462092344552485,2.3716976563396077,1.5815565779244778,1.836440796768068,15.293053130615418,1.7778174264340423,12.999095161023105,1.5611658404169906,70.09316018198733,3.6958211732320594,1.338142148928849,16.057705787146187,3.249773790255776,38232.632826538545,36344.932264518844,231.19273070207856,14.013534352020594,19.409433264939402,88.63981036614118,10.432411077268151,13.700026762842977,988.2319956159913,22567.577452942,70.33275134770031,41.54612767150522,82.45504479590146,126.63540086915518,2185.3964086813567,1667.367173461455,4938.381740094562,3233.8435265780518,25241.314183032355,15970.523914511832,3375.1717282424456,3.82
Seoul,9.560788412030266,66.190073621748,7.354452624638667,3.6772263123193336,2.9629912912249248,3.97140441730488,1.6876556615863334,0.8496304939140067,2.1472795328157517,3.3130044005367285,3.4247258903576143,3.146573137641155,14.726945721565572,10.480845144277813,30.035275632014084,8.138437274425149,3.6174493213862706,5.889526560789515,6.92400386697119,3.760169829020008,2.8911897702505773,2.717926220866715,1.2390634692938733,21.327912611452135,2.2585965277422826,3.3095036810874,1.1399401568189933,47.803942060151336,3.53013725982656,0.5883562099710934,8.8253431495664,1.251955824744865,28954.479983202433,28666.185440316596,169.8740954482925,32.724475360928956,21.097247559332967,60.4838862104381,20.281315167345053,11.031678936958,1401.3617651568834,23112.04686551391,49.55500045781468,33.42423681925808,74.14105325322373,75.07198722090313,944.6559715765117,628.7118124643998,2251.4796092285146,1228.5065423371937,19905.816048224617,10636.20365361852,3243.010662853138,3.99
Osaka,6.332580811646882,31.662904058234414,4.4328065681528175,2.533032324658753,2.6385964467889065,2.990054681835309,1.2469484876213877,0.724130615811821,1.5039879427661347,1.3313617898406407,5.699322730482194,2.133193172211369,9.62843582087662,6.332580811646882,18.237832737543023,3.3676664756338117,1.963986612924164,2.058088763785237,4.037020267424888,1.536727385562349,1.156772536863536,1.2348532582711422,0.8074040534849776,9.498871217470324,1.9109195857225632,3.9262001032210674,1.5198193947952519,32.61279117998144,4.116177527570474,1.8997742434940648,21.5307747595994,1.1023756676914893,21746.082507195395,15051.27807312231,130.77912908016097,24.274872002710346,32.13784761910793,56.46553334578741,18.470048475906115,12.665161623293764,516.829023484376,13087.33369851216,42.18049755087437,26.913468449499252,68.95015309014111,90.53437483179083,748.8276809772439,563.5996922365725,1754.1248848261864,933.958844557305,6119.383903212834,2086.585377437648,2017.4702606173632,2.05
Beijing,4.467875971763024,26.807255830578143,5.212521967056861,1.116968992940756,1.872040032168707,3.158788312036458,0.5748667083668424,0.31572990200458706,1.9792690554910195,1.7886396806957972,1.2971733238018648,2.214577190003872,13.77595091293599,3.635361749024514,11.731153009859112,2.244363029815626,1.790128972686385,1.9435260477169156,1.514609954427665,0.8176213028326335,0.938253954070235,0.6895421916420933,0.5703988323950794,10.74077383611831,0.91591457421142,3.9466237750573376,0.6701813957644536,34.25371578351652,1.936079587763977,0.3484943257975158,7.297530753879606,1.1497334167336848,19345.902957733895,17261.546480803026,53.34792839484109,9.576147499478747,14.130402406695856,55.172311083310994,21.006463527239152,8.56342894587913,712.7274893515623,24843.252017990646,59.29467131325767,37.00145950615077,84.67816400083402,107.51794596848659,1115.8698954517022,585.0117654067257,2305.267625770709,1200.0551038036517,12455.307836654456,6370.065230989188,1636.9076341107439,3.37
Shanghai,4.467875971763024,29.785839811753494,5.212521967056861,1.4892919905876747,1.781193220742859,3.094748756441188,0.549548744526852,0.32764423792928843,2.1073481666815597,1.761832424865219,1.0156971375807942,1.8377863163851904,16.01137819080809,3.145384684121169,12.17645131504483,2.3828671849402796,1.825871980460489,1.8080004765734372,1.5801388020135227,0.819110594823221,1.0722902332231257,0.6031632561880083,0.7059244035385578,11.914335924701398,0.9501682899949364,3.7232299764691867,0.4467875971763024,29.785839811753494,2.233937985881512,0.4467875971763024,8.935751943526048,1.157179876686623,19360.79587763977,18501.940547463735,55.30187948649212,8.77341911655199,11.189050725285199,64.94206654156613,18.16936228516963,8.935751943526048,1324.9188335865128,28261.087778869925,42.85288773716975,39.717928096982696,73.03934709439133,105.48357310934381,903.149852560093,563.0670479254163,2257.7666577309146,1184.6647603729189,14303.971941738897,7259.723587406547,1702.6449825752836,3.27
Krakow,10.297335564422706,51.48667782211353,9.010168618869868,4.633801003990217,1.711932037585275,4.09061655296692,2.3580898442527998,2.4790835371347666,1.1327069120864977,1.4725189857124468,1.6655940275453724,3.9799201956493757,8.618869867421804,6.773072467499034,11.731239541768566,1.3386536233749518,1.7865877204273395,1.812331059338396,2.880679624147252,0.9422062041446776,0.9499292058179946,1.2742952760973099,0.7336851589651178,6.435834727764191,1.0940919037199124,5.406101171321921,1.5446003346634058,38.615008366585144,2.3169005019951086,1.0297335564422705,12.614236066417813,1.5446003346634058,30786.459003732783,29289.862273136827,317.2660574076458,9.010168618869868,17.63418715407388,41.93332475222036,23.454756081863817,7.723001673317029,445.5322435319861,10374.565581155875,78.76431973226927,44.83459904749646,94.71489252156005,113.63882095507788,901.6939117003476,749.0075942849787,1440.1132706912085,1166.4950444072597,5511.52529283048,3591.2189470974386,1860.9525035397091,6.77
Macau,6.186510931564816,55.678598384083344,6.186510931564816,5.753455166355279,2.0415486074163893,5.279568428997414,1.3202014327959317,0.9589091943925464,3.068509422056149,1.6963412974350727,1.6864428799445688,3.158832481656995,17.389044926442384,7.773969636604347,22.757699112854333,3.122950718253919,2.928694275002784,3.5993120599844097,2.814862473861991,4.3392187673995615,3.4112421276648393,1.9178183887850928,1.1581148463889335,12.249291644498335,1.3709308224347632,6.186510931564816,0.7423813117877779,22.271439353633337,2.5983345912572227,1.2929807846970465,14.847626235755557,1.812647702948491,30932.55465782408,27676.41825763106,121.79260340753022,25.15806535430148,36.995335370757594,88.73188898924784,4.1239281869811055,14.600165798492965,1211.525469865505,19065.34811497012,69.53638287078853,33.40715903045,92.79766397347224,136.10324049442593,1116.0465720542927,1076.452902092278,2087.9474394031254,1447.6435579861668,12500.846314695436,7875.62638423182,2056.396233652145,3.28
Taipei,5.003314695986091,46.9060752748696,5.472375448734787,2.9707181007417414,2.1651844346879807,3.3300186373472425,0.9506297922373572,0.6610629542071623,2.955708156653783,1.828398814214417,3.150837429797241,2.565762317535367,19.15393948490875,9.340563123069034,19.792174815815475,4.762530176241761,3.4263324452449746,3.0429534566650407,4.54644952280886,2.7696473913968003,2.2061490737613667,1.6573479930453925,1.1845347542747071,14.853590503708707,1.720827548250716,3.9088396062391335,0.7817679212478267,37.52486021989568,2.6580109322426106,0.7817679212478267,9.38121505497392,0.9528187424168512,33397.125595707155,24336.063892328668,74.08814589665654,17.158867749884298,25.728607702602975,41.323314195654625,16.41712634620436,9.38121505497392,625.4143369982613,16156.537143357475,59.61011670231528,35.43222384829949,82.0856317310218,110.50789898307629,716.4559020350983,476.7789910815915,1623.6566100041277,929.8325765819856,14185.747432674147,8457.755137778779,1666.7811174903375,2.34
Kyoto,9.498871217470324,31.662904058234414,5.066064649317506,3.166290405823441,3.3140295161591635,3.3773553242756322,0.8548984095723292,0.7271702546014115,1.5831452029117206,1.621140687781602,5.071763972047989,2.1447184692885664,8.654548217853446,6.332580811646882,11.1875805425122,5.066064649317506,2.3219674062065625,5.066064649317506,3.588483568535939,1.8997742434940648,1.6887093250418743,1.160952040199223,0.9657185737761496,7.599096973976259,1.5942272193321028,3.9262001032210674,1.456493586678783,81.8945182014204,3.3246049261146133,4.4328065681528175,0.31662904058234415,1.1056686097135457,21746.082507195395,15244.42178787754,102.31075873816995,23.909038809221503,30.871331456778552,52.813723969135005,18.997742434940648,12.348532582711421,649.61722715284,6556.331979216469,56.20165470336608,45.96535445037948,69.84728981372713,103.43213214829638,565.2823856098433,328.15433765954145,1781.5660472347204,781.0182789945128,118.58773949029057,69.79276629293885,1899.9611179538165,2.07
Istanbul,10.179505398191713,48.861625911320225,8.652579588462956,4.071802159276685,3.178041585315453,3.6487419149278377,1.5043273077447714,0.5307594114617159,1.0983686324648858,0.752876219250259,2.115097631636274,2.21098857248724,9.592351526824016,5.376407571108935,19.429825543636486,1.902753149029995,2.1381033138361873,1.3778978506992303,1.3296469951118015,0.4924844711645151,0.3984258412852237,0.9572806876459488,0.5409389168599077,11.197455938010885,2.132606380921164,2.0359010796383425,0.8550784534481038,55.946561668461655,1.1095660884028968,0.7329243886698034,7.1256537787342,1.1466194880523146,41165.91983028729,40590.88303137527,69.24323520968764,10.381059605075908,14.466095121370243,60.0214176793578,18.175506888471304,8.245399372535287,903.5019534470861,19797.41460921897,52.20437189397842,36.716254430629725,100.89844314644441,82.43607779585206,974.9097586846451,583.060895837193,1793.948080450667,1089.1083364041508,2970.2575211275635,1544.4571575156308,1084.0106436908445,42.78
Dubai,12.79782164737917,81.68822328114364,9.530292716133424,13.614703880190607,3.18856364874064,5.881552076242342,1.7072838665759018,0.8304969366916269,1.8597685500340368,1.4213750850918991,2.47787610619469,3.6215112321307013,14.755616065350578,8.430224642614023,11.757658270932607,2.5650102110279103,1.8543226684819605,1.8597685500340368,1.3723621511232131,1.078284547311096,0.9993192648059905,1.4023144996596326,0.6317222600408441,19.060585432266848,2.510551395507148,6.126616746085773,1.6337644656228727,95.30292716133424,3.2675289312457454,0.6807351940095303,8.168822328114365,0.7896528250510552,29952.348536419333,22529.933287950986,231.90197413206263,56.77876106194691,92.5990469707284,77.60381211708646,49.93873383253914,14.976174268209666,902.2573179033357,16654.368958475152,77.3641933287951,62.14840027229408,108.46289993192649,107.55616065350578,2288.0190605854323,1449.9659632402995,4327.330156569095,3052.285908781484,7244.860449285228,4026.2845473110965,4013.5929203539827,4.5
Antalya,8.14360431855337,35.628268893671,8.14360431855337,2.443081295566011,2.3730462984264524,3.401176343643815,1.2893361537349624,0.4682572483168188,0.9222631890761691,0.9059759804390625,1.9782850790845776,2.196330084713844,8.580712280351722,4.857252795801158,17.086503400972752,1.3229285215489952,1.7380487516872531,0.8878564608302812,1.1850980184574793,0.5680164012190976,0.4193956224054986,0.762852134540487,0.5531543233377377,6.413088400860779,1.7930180808374883,1.9850035526473842,0.7125653778734199,24.430812955660112,0.8550784534481038,0.6107703238915028,7.940014210589537,1.054189579036734,42713.204650812426,38914.44451456993,83.97705132303032,9.081951126158682,12.656179061571757,47.759389066804026,17.30780584832944,5.3442403340506495,581.0052465170822,9779.174157086056,49.26473432508862,25.964050058735747,91.72304416073031,64.1308840086078,482.35199508126306,383.0682250810798,796.0338611067566,611.6498331579065,2256.4569620691273,1200.3575042295845,845.800241457868,40.87
Abu Dhabi,8.168822328114365,68.07351940095303,9.530292716133424,10.891763104152485,2.360789652825051,5.432266848196051,1.1164057181756297,0.3784887678692988,1.8488767869298843,1.5411844792375766,2.575901974132063,3.4309053778080325,9.903335602450646,9.124574540503744,11.294758339006126,2.3934649421375083,1.8216473791695031,1.865214431586113,1.3750850918992512,1.187202178352621,1.326072157930565,1.8134785568413887,0.6181075561606535,13.614703880190607,2.330837304288632,6.535057862491491,0.6807351940095303,25.867937372362153,3.2675289312457454,0.5445881552076243,8.168822328114365,0.7515316541865215,29952.348536419333,21799.4091218516,160.64533696392104,49.84070796460177,95.08236895847516,65.60653505786249,43.11232130701158,13.614703880190607,639.1341048332198,13629.786249149081,55.66780122532335,49.97957794417972,92.50102110279101,94.24370319945542,1913.508509189925,1337.7590197413208,3704.2505105513956,2813.421375085092,4713.712729748128,2981.3179033356023,2620.8141592920356,5.31
Amman,7.052186177715092,56.13540197461213,7.052186177715092,8.462623413258111,5.049365303244006,4.471086036671368,0.5641748942172073,0.4372355430183357,1.5373765867418903,0.5782792665726375,1.6078984485190408,2.4823695345557124,6.318758815232723,7.122708039492243,11.889985895627644,2.32722143864598,2.0310296191819464,1.438645980253879,0.7898448519040904,0.9449929478138224,0.7475317348377998,0.6346967559943583,0.6346967559943583,21.156558533145276,4.809590973201693,3.6953455571227085,0.7757404795486602,38.78702397743301,0.7052186177715092,1.4104372355430184,7.052186177715092,1.3681241184767279,28208.744710860366,33621.2976022567,119.70380818053597,16.22002820874471,32.820874471086036,61.9605077574048,36.55853314527504,11.283497884344147,302.77856135401976,7607.447108603668,57.70098730606488,63.977433004231315,112.90550070521861,77.57404795486602,443.2157968970381,283.76586741889986,731.8617771509169,500.70521861777155,1510.0,963.9915373765868,697.7574047954867,7.31
Doha,10.989010989010989,79.12087912087912,7.417582417582417,4.945054945054945,3.285714285714286,6.074175824175824,0.9120879120879121,0.3379120879120879,2.068681318681319,1.4642857142857142,2.1978021978021975,2.7967032967032965,10.815934065934066,7.585164835164835,10.862637362637361,2.071428571428571,1.6593406593406592,1.6593406593406592,1.414835164835165,1.0769230769230769,1.0989010989010988,1.5934065934065933,0.5164835164835164,13.736263736263735,2.085164835164835,6.318681318681318,0.5494505494505494,30.21978021978022,2.1978021978021975,2.1978021978021975,13.736263736263735,0.5604395604395604,28008.24175824176,21238.225274725275,93.21428571428571,32.45054945054945,87.35164835164834,139.6510989010989,22.57967032967033,12.362637362637361,781.2884615384614,11195.054945054944,63.79670329670329,61.55494505494505,106.47527472527472,89.50274725274726,1976.304945054945,1306.6620879120878,3622.9395604395604,2653.5906593406594,4481.947802197802,2768.445054945055,2977.5824175824173,6.05
New York,25.0,140.0,14.0,8.0,4.01,5.7,3.28,2.66,1.31,4.63,7.73,6.15,16.58,15.39,20.29,6.98,2.53,6.22,6.41,3.24,3.8,2.94,2.59,19.99,3.38,19.0,3.0,133.0,3.0,2.17,42.0,0.91,35229.0,25824.12,201.76,66.4,72.3,126.3,68.15,22.0,3389.82,59207.2,67.8,52.61,114.42,152.5,4280.72,2861.0,9425.0,5376.32,19711.06,8747.83,5167.74,6.85
Los Angeles,25.0,100.0,13.0,8.0,2.78,5.96,3.37,2.66,1.32,4.87,4.28,6.15,12.08,16.57,20.61,5.77,2.64,4.96,5.12,3.29,2.98,2.13,2.3,15.0,3.07,12.0,2.0,105.0,3.1,1.85,32.11,1.26,34000.0,26023.97,236.08,58.83,78.0,49.71,12.0,18.0,1745.42,30635.62,73.48,61.8,120.19,182.36,2838.7,2634.71,6290.35,4144.78,8582.07,7382.14,3921.75,7.44
Mexico City,10.927886874515075,54.63943437257537,9.561901015200691,3.169087193609372,4.349845370400725,3.698543312679627,1.5692445551803647,1.2414079489449124,1.737534013047897,2.6625796369755976,1.8205859532942115,2.4773519544525677,11.153001344130086,8.837382115420342,13.115103432449267,2.869116698903933,1.8353386005748071,2.141319433061229,1.933143188101717,2.0708345627206066,2.099247068594346,1.4900173753401305,1.2277480903517686,13.659858593143843,1.839709755324613,4.753630790414058,0.3551563234217399,19.670196374127134,1.6391830311772613,0.437115474980603,5.518582871630113,1.3659858593143843,21144.914707842945,25263.566971554712,59.25755936574544,28.057349550317454,35.71233430591526,55.26123113573528,29.232097389327826,6.556732124709045,445.7424952736889,10941.633063414527,71.31866810914774,49.80384443060245,110.8371854134566,121.5727414789802,1105.8546153930215,729.5970888109366,2542.034663257166,1373.175316089128,3591.422701592193,2220.6476958550525,1023.087346599788,11.31
Buenos Aires,19.5,70.0,12.0,4.0,3.5,4.12,1.94,1.38,1.52,2.8,1.71,3.46,11.26,9.45,10.71,2.59,2.13,1.28,2.55,1.36,1.34,1.98,1.65,6.5,2.21,4.0,0.61,25.0,1.71,0.95,6.75,1.18,25000.0,30037.17,185.75,19.04,33.82,49.49,15.39,10.0,385.06,6508.75,112.01,92.66,130.43,146.1,776.02,526.25,1615.78,1134.48,2715.5,2030.21,796.09,52.71
Miami,30.0,120.0,14.0,8.0,3.56,5.48,3.28,2.84,1.25,4.0,6.15,5.22,17.72,16.36,24.48,5.85,1.97,4.68,5.15,3.38,3.81,3.09,2.16,15.0,2.6,9.07,2.25,112.5,2.95,2.05,24.0,0.86,35000.0,26470.99,152.91,61.9,67.93,77.68,22.7,18.0,1869.94,38614.0,52.87,58.08,95.0,125.51,3010.43,2090.91,5450.84,3739.48,7080.64,3816.21,4166.71,6.54
Chicago,20.0,100.0,13.0,7.0,3.51,5.61,3.11,2.26,1.33,4.08,5.37,4.78,14.28,14.56,16.92,5.18,1.88,3.87,4.38,2.52,2.56,2.41,2.65,15.0,3.02,18.0,2.5,75.0,3.25,1.4,22.5,1.01,35265.5,26107.85,166.32,70.41,64.81,67.68,29.0,17.0,1825.0,30287.27,64.14,50.0,100.35,153.53,2388.16,1731.24,4631.25,2933.31,3842.32,2586.92,4775.28,6.87
San Francisco,25.0,150.0,15.0,8.0,3.77,5.68,3.27,2.89,1.61,5.26,6.33,6.75,22.36,14.68,23.56,7.14,3.04,5.43,7.8,3.95,4.73,3.23,2.99,18.0,3.06,14.0,3.0,87.0,4.15,2.03,39.0,1.28,36998.0,25897.85,233.15,68.44,72.56,115.57,21.88,18.0,3018.16,42000.0,74.62,48.6,100.79,127.76,3413.44,2770.83,5664.55,4629.33,10924.47,9527.24,7287.96,6.44
Cancun,10.927886874515075,54.63943437257537,11.349703307871357,2.837425826967839,2.8079205324066487,3.7684817886765236,1.3474084516277087,0.7463746735293796,1.6326262990525522,2.514506769825919,1.575254892961348,2.5543935569178986,10.59786469090472,8.342895234348534,13.400867674217835,2.8543640516233375,1.5976570610541039,3.0231999038345956,2.1653607841851623,2.0085456075358707,1.8916172179785593,1.1375930236370193,1.2419543432886382,9.835098187063567,1.5195226699013211,4.261875881060879,0.6556732124709045,27.319717186287686,4.37115474980603,2.8860549235594313,13.659858593143843,1.3883880274071403,21144.914707842945,23933.893387535652,176.66732233987912,21.85577374903015,49.161831076724695,34.604792971183166,13.386661421280968,8.195915155886306,206.26386475647203,5409.304002884962,54.63943437257537,54.63943437257537,65.56732124709045,92.88703843337814,695.0136052191588,462.90528800445855,1420.6252936869598,1107.359385415642,2098.688653575058,2191.6073828803724,754.2820924717787,11.6
Sao Paulo,8.672525439407956,48.18069688559976,8.672525439407956,2.3126734505087883,2.4938328707986432,2.164276904101141,1.2777520814061056,0.8865248226950354,1.1524822695035462,1.9310823311748382,1.3490595127967933,2.77713536848597,12.492291088498304,5.170752389762566,10.671060746222633,2.775208140610546,1.9195189639222945,1.7460684551341352,1.8790471785383904,1.4704748689485045,1.2199352451433858,1.2507708911501698,0.8383441258094357,9.636139377119951,1.4627659574468086,2.842661116250386,1.002158495220475,46.831637372802966,1.3066604995374655,0.8441258094357077,9.82886216466235,1.16404563675609,23126.734505087883,32934.58988590811,87.1530989824237,16.14631514030219,20.573157570151096,37.82184705519581,39.21137835337651,9.636139377119951,510.69996916435406,16264.26148627814,62.999152019734815,56.049568300955904,99.88629355534998,92.786386062288,672.8492136910269,427.01009867406725,1401.1775362318842,918.5264415664509,2812.598288621647,2099.5451742214004,845.9239130434783,11.96
Bogota,7.556911554330355,39.295940082517845,9.068293865196425,1.8136587730392852,2.4747978511045394,2.243281285961453,1.2386201224594495,0.8143690622700999,1.5148161714763586,1.803595989613539,1.5071685769833765,2.966251014364238,6.171935214415879,6.49005096320697,9.155261826128282,3.4751727343729266,1.3743392312106009,1.888895384474198,1.558606962551392,1.5844546228318237,1.5751565988553755,1.051115010208783,1.0567192158174743,13.088570812100174,1.3135272525505937,3.7482281309478562,1.0579676176062498,48.364233947714276,1.9043417116912496,2.1159352352124996,9.068293865196425,1.2604928472623032,21159.352352124995,32653.414826261465,103.66072211791332,14.608014836212405,32.983011035085894,29.99734178079165,14.945681826576859,6.045529243464284,427.6322884220437,9531.7844395211,72.4075788205523,54.179458754648785,121.14031498053733,120.04346554160173,614.9026437038926,453.50570265705244,1119.429318362346,879.0125885450884,2434.4213149884567,1612.602546534101,579.5538326871972,12.4
Lima,11.593194794655538,72.45746746659711,10.144045445323595,5.2169376575949915,3.466365243602006,4.793786047590064,1.9215720372141554,1.2839463235081008,2.1215546474219633,1.6578268556357418,2.2403848940671827,4.176448424774658,15.705880648059589,7.877575862968437,13.223487812653973,3.727212126481755,2.2229951018751994,2.275164478451149,2.382401530301713,1.5447932063878504,1.6462336608410861,1.4346578558386227,0.9274555835724431,14.491493493319421,2.199808712285888,7.680491551459293,1.3042344143987479,57.965973973277684,2.6084688287974958,1.1593194794655537,14.491493493319421,1.7737588035822973,37636.81129177173,36833.63765469669,139.27194736689563,19.835956293655624,30.788627075906444,69.83160884560763,29.811900414456716,13.694461351186854,885.3867779613366,17726.913601715794,88.6763469843202,66.1507694983045,117.90858765904414,130.57705127090398,1326.9367881053822,908.6919977972931,2731.646523490711,1558.2181259600613,5427.5294901892585,3194.2787583688373,2112.268498391444,9.25
Toronto,17.56728269271309,84.32295692502284,11.243060923336378,6.324221769376713,2.8740074485278617,3.9420982362448176,2.044831705431804,1.728620616962968,2.6913077085236456,2.733469186986157,2.8458997962195207,3.4923757993113624,10.336589136392384,12.662497364907596,15.894877380366806,3.604806408544726,1.2226828754128312,3.485348886234277,3.618860234698897,2.0940200969714002,1.6161900077296043,2.3048274892839573,1.756728269271309,13.702480500316211,2.318881315438128,14.334902677253881,2.354015880823554,109.61984400252969,2.9864380577612253,1.2297097884899164,21.804511278195488,0.9626870915606774,26265.195699529195,20152.153748858127,134.4670086431031,35.84428360621179,48.57705010189024,52.88454781814349,21.193169840489073,12.641416625676339,928.8665589206661,20235.232942168503,57.40285292670929,41.41662567634038,92.65687583444594,122.68287541283114,1601.988616400815,1405.3826154170472,2586.311573325838,2177.738739371794,8209.61984400253,6597.266530813014,3511.770079404118,4.44
Vancouver,21.08073923125571,84.32295692502284,10.540369615627855,5.621530461668189,3.534537277773874,4.054528845478181,2.1572623146651675,1.7145667908087976,2.072939357740145,2.7545499262174125,4.335605368561591,3.9702058885531586,12.655470451830512,13.597076804159933,14.777598201110253,4.089663410863608,1.3351134846461947,3.892909844705221,4.504251282411636,2.83184597006535,2.8388728831424355,2.5718501862131964,1.749701356194224,14.756517461878996,3.190218536996697,15.107863115733258,2.459419576979833,80.10680907877169,2.8107652308340945,1.6021361815754338,31.3189515845689,1.1664675707961492,27812.521959103364,20404.26533623779,86.84561871969643,37.55885039702059,50.75539315578666,40.966903239406925,16.295411425760665,11.706837186424004,1126.547677605228,20551.380788419647,60.57199072447474,40.41880401939428,89.37530742744713,112.43060923336378,1858.19689410442,1559.096338978287,3480.3878856018546,2587.555336940482,8816.752160775772,6854.50776473895,3433.448106246926,4.42
Montreal,17.56728269271309,70.26913077085236,10.814419225634179,5.621530461668189,3.148057058534186,3.7664254093176868,1.8761857915817581,1.4826786592649848,2.2064507062047642,3.190218536996697,3.0075187969924815,3.4080528423863394,13.533834586466167,12.451689972595037,15.114890028810345,3.27454149392172,1.4967324854191553,3.1550839716112713,2.761576839294498,2.8107652308340945,2.2978005762068725,2.1291546623568265,1.4615979200337292,10.540369615627855,2.4523926639027476,11.945752231044901,2.6350924039069636,73.43124165554072,3.3377837116154874,1.4405171808024733,32.46433841613379,1.1383599184878084,27812.521959103364,21061.745485208347,82.15866769728058,36.750755393155785,41.45878715480289,35.528072517742956,19.935352399690817,11.59440657719064,500.2599957838521,13866.130278968449,52.98995151429976,38.6480219239688,97.5686880753285,117.6586325627152,1258.9909352821305,955.0769446981941,2090.872039912866,1572.960438479376,5169.032394069285,3853.9175040404753,2901.630243833884,4.5
Mumbai,5.189596726817553,20.75838690727021,4.151677381454042,2.5947983634087763,3.1317140407653206,2.631125540496499,0.47287605374761543,0.15309310344111782,0.6715338164501914,0.4952951116074672,0.8043874926567207,0.9615284815447561,5.661642445088877,3.514913863073528,0.4735507013221017,2.3241089981379726,0.7309028030049841,1.2276510016959603,0.5226961823250639,0.39368280769637953,0.43011377671863876,0.5165724581874193,0.3017231536971725,7.7843950902263295,2.010968731641802,3.632717708772287,0.2075838690727021,5.189596726817553,0.31137580360905315,0.31137580360905315,1.5568790180452659,1.0919949432569493,15828.270016793536,22672.050700284184,56.041105757753776,4.453296743216678,8.659257306433231,26.23164699117561,12.030419340173914,4.151677381454042,124.95396827703313,5015.981155536366,30.920447633855268,33.861703474746385,58.562627015379896,43.11516960640023,634.984213246757,357.2838065899575,2033.922733132254,856.2834599248962,6368.093113820311,2602.259031455184,714.8920667672757,8.5
Delhi,5.189596726817553,23.35318527067899,3.632717708772287,2.5947983634087763,2.5602356492081713,2.316428394982283,0.4279341460933754,0.16668984686537977,0.6865836469579623,0.5358777580111805,0.7986789362572214,1.1005058818889302,4.28172867542809,3.3839284416886533,0.4735507013221017,1.8435523412346675,0.7467829689890458,1.0199633406887219,0.573865606051485,0.3419944242972768,0.4108084768948775,0.49550269547653997,0.3022421133698543,9.341274108271595,1.7565747000932053,3.632717708772287,0.4151677381454042,15.568790180452659,0.882231443558984,0.2594798363408776,1.0379193453635105,1.022973306790276,12973.991817043881,21907.986374194836,50.48522729395744,4.41883782095061,7.9339592678932105,19.259216204827155,9.223677846441909,5.189596726817553,68.68348234395403,1922.7455872859032,25.132075236697506,30.09924584780366,55.97353720837061,45.460867326921765,254.48246227682142,157.68392449759514,742.3379756005921,424.6033591221693,2493.9749819920994,912.3475037001825,520.4539651632751,9.32
Bangalore,2.5947983634087763,15.568790180452659,4.670637054135797,2.5947983634087763,2.9919063049448553,2.3176738981967193,0.4440218959465098,0.14385562126738255,0.5894343962319376,0.5734504383133395,0.7844594412257413,1.0009694166685696,6.781246042932496,3.5660832867999495,0.4735507013221017,2.3447635931107067,0.665202508443474,1.2271320420232785,0.405930255971669,0.3708485820983823,0.34739160489316695,0.3691879111458007,0.2970525166430367,10.379193453635105,1.9477594435091639,3.7365096433086378,0.5189596726817552,13.752431326066514,1.0379193453635105,0.2594798363408776,2.075838690727021,1.0872205142682774,11936.07247168037,20223.03900708484,28.58793148901985,4.1447233218401065,9.298615623177154,15.932269535198959,6.282110629747184,4.151677381454042,115.90102816290353,3656.306813110167,30.977948365588407,26.89155611095773,47.77968293639838,35.134711551834734,311.8700608013153,178.32440376723207,815.698114930885,487.2914041595656,1770.9260108815465,902.2661930986667,842.707786263345,8.62
Colombo,4.31378045491161,22.704107657429525,7.5680358858098415,2.1190500480267556,2.624352668050507,2.537804609660386,0.7139685054673004,0.2942149630967434,1.6194385909891333,0.5320329227724319,0.8050573853889077,1.5842926323354323,12.21075345246229,4.265980740256835,7.198019475280827,6.338230054365742,0.8976296003441336,4.45863266176601,1.06954510352619,0.9879616766771601,1.051714810979222,0.8244921015436675,0.4822957909308896,12.108857417295747,1.9926335765901881,9.687085933836597,0.15892875360200667,7.80500622546632,0.3935378660621118,0.3632657225188724,0.908164306297181,0.9772756100063964,30272.143543239366,40299.791091937404,47.55502491851496,4.140169711691132,16.884560510533646,13.764380403388422,5.978748349789775,3.632657225188724,37.84017942904921,1210.8857417295746,24.128684460430826,15.976971374963785,78.24183628400962,40.32682411612152,448.65853536709665,217.11517370004603,1100.392417796751,362.51448900470336,3494.6379860306165,1180.8241409446784,235.68465144805282,12.94
Kathmandu,1.621238483532432,17.509375622150266,5.836458540716756,2.464282494969297,3.0077864841887094,1.5844039451865752,0.49882265661325875,0.15272066514875512,0.7887000974688576,0.5353329472624091,0.8888277862118206,1.625583402668299,7.213149411393156,2.889565773969524,4.9897829550767785,2.0449005240491274,0.989668819887538,1.2512070120509897,0.6234634712272321,0.42152200571843235,0.6072510863919078,0.4825454222385931,0.22236907040130838,6.484953934129728,2.1840676354755515,2.5939815736518916,0.19454861802389187,9.727430901194593,1.621238483532432,1.1348669384727026,3.242476967064864,1.0953735690138524,29182.29270358378,38182.58841748317,28.804608986460064,4.003745709392353,7.944068569308918,19.74960295869538,6.890263555012837,2.918229270358378,65.53214559240378,4801.031885869998,21.832699861416533,22.940524541983915,54.19566792107292,35.8379306252598,173.6839920857622,84.64408303075618,420.6303245524895,168.9625565244797,2283.500202006315,1318.2859488557622,234.83393005717784,10.2
Dhaka,2.440669361708013,12.203346808540065,6.508451631221368,0.14644016170248078,0.09730135188675945,2.3075715258495357,0.3455174259724643,0.17166041177346358,0.818112370044526,0.5851911572921913,0.6880246930654887,1.1924296944851447,8.24588279417591,3.148870254830288,6.495434727958925,2.831827304744417,1.0128777851088253,2.630472082403506,0.6246486453064708,0.26912447495100356,0.5324726990792982,0.31826328476672483,0.27945664191556746,0.4067782269513355,0.061748934851212724,3.254225815610684,0.4067782269513355,24.40669361708013,1.2203346808540065,0.4067782269513355,3.254225815610684,0.9942473423144541,29759.895083759704,29928.58837379014,50.62330627715753,4.939426654224676,12.554640485335238,19.118576666712766,12.677894288101491,4.067782269513355,87.9657915782263,2466.36057961016,18.571704018399394,22.779580709274786,46.915115960269155,37.280004165409046,148.5554084826277,72.66539806096954,405.36337092235334,223.1974233039992,1302.0848197687708,625.7863226516082,311.59212184472295,10.55
Sydney,20.79002079002079,90.09009009009009,11.122661122661123,6.93000693000693,4.192654192654192,3.735273735273735,2.744282744282744,2.27997227997228,1.864171864171864,2.5848925848925846,2.238392238392238,5.641025641025641,13.097713097713097,9.501039501039502,15.474705474705473,3.485793485793486,3.0353430353430353,3.1254331254331253,5.148995148995149,2.8828828828828827,2.4462924462924462,2.266112266112266,1.2058212058212057,13.86001386001386,4.885654885654885,34.65003465003465,3.8808038808038803,150.65142065142064,3.7422037422037424,1.7325017325017324,41.58004158004158,1.3374913374913373,27720.02772002772,26843.40956340956,203.5204435204435,23.201663201663198,53.68676368676368,72.15523215523216,22.515592515592516,17.325017325017324,2165.2113652113653,26272.8413028413,78.94663894663894,61.73943173943174,106.72210672210672,127.8932778932779,2422.1205821205817,1662.5502425502425,4595.363825363825,2782.1205821205817,12110.51975051975,7687.837837837837,4063.284823284823,5.99
Melbourne,17.325017325017324,83.16008316008316,11.088011088011088,8.662508662508662,5.363825363825364,3.7837837837837838,2.9591129591129586,2.342342342342342,1.8156618156618156,2.993762993762994,2.259182259182259,5.876645876645877,12.668052668052669,9.743589743589743,16.084546084546083,3.936243936243936,3.1878031878031874,3.0284130284130284,4.566874566874566,3.063063063063063,2.6957726957726957,2.4393624393624393,1.6008316008316008,13.86001386001386,5.419265419265419,34.65003465003465,3.8115038115038113,135.82813582813583,3.534303534303534,1.372141372141372,28.856548856548855,1.3444213444213444,28413.028413028413,26095.114345114343,213.74913374913373,28.41302841302841,53.36105336105336,50.9078309078309,20.04158004158004,17.325017325017324,2286.7706167706165,30663.319473319472,76.38946638946639,53.735273735273736,124.74012474012474,123.83229383229383,1700.2494802494803,1276.3756063756064,3292.972972972973,2384.109494109494,7332.737352737352,6431.185031185031,4235.661815661816,5.61
Auckland,14.009526478005043,70.04763239002521,9.41440179321939,6.819837489492855,3.2109834687587564,3.373493975903614,2.0117680022415243,2.1238442140655645,1.7539927150462313,2.0902213505183527,1.8492574950966656,5.996077332586158,8.725133090501542,9.537685626225834,15.432894368170356,2.829924348557019,1.966937517511908,3.0372653404314933,4.466237041188008,1.7315774726814233,1.4009526478005043,1.8492574950966656,1.1207621182404035,9.806668534603531,2.6337909778649484,25.21714766040908,2.521714766040908,121.82123844214065,2.241524236480807,1.9613337069207062,31.9417203698515,1.5522555337629589,25211.543849817877,22168.231997758474,160.44270103670496,28.78117119641356,47.86214625945643,36.97954609134211,16.435976463995516,12.88876435976464,1029.8234799663771,17954.78285233959,66.38274026337909,42.82432053796582,91.92490893807789,110.98346875875596,1245.575791538246,1107.077612776688,2300.2017371812835,1713.1633510787335,7344.258896049314,4998.87923788176,3063.603250210143,6.01
Cape Town,12.00019200307205,48.0007680122882,5.700091201459223,3.0000480007680124,2.030432486919791,2.382038112609802,1.4712235395766333,1.1370181922910767,1.3356213699419193,1.1640186242979886,2.2422358757740124,2.880046080737292,8.50093601497624,6.10929774876398,8.384534152546442,1.8258292132674123,1.837229395670331,1.852229635674171,1.8900302404838478,1.551624825997216,1.471823549176787,1.2246195939135027,1.1322181154898479,6.299500792012672,1.4406230499687998,3.3000528008448136,1.1100177602841645,59.70095521528344,1.200019200307205,1.0800172802764845,4.95007920126722,1.2690203043248691,35340.565449047186,28937.917606681705,128.93726299620795,34.164546632746124,38.4078145250324,51.63082609321749,10.46296740747852,8.100129602073633,265.15444247107956,5430.179282868526,58.24893198291173,36.23157970527529,123.60197763164211,101.87683002928047,1008.0161282580522,636.4601833629338,1686.9743915902654,1221.394542312677,2176.83482935727,1413.3016128258053,1717.6252820045122,11.27
Johannesburg,12.00019200307205,42.000672010752176,5.850093601497624,2.40003840061441,1.9566313061008977,2.367037872605962,1.1256180098881583,0.8820141122257956,1.3272212355397688,1.1856189699035187,1.838429414870638,2.345437527000432,9.073345173522776,5.401286420582729,7.653722459559353,1.9476311620985938,1.7838285412566601,1.7334277348437577,1.8948303172850764,1.6470263524216389,1.6800268804300869,1.2516200259204147,1.101617625882014,6.000096001536025,1.6038256612105795,3.3000528008448136,1.8000288004608074,81.00129602073633,0.960015360245764,0.9000144002304037,14.400230403686459,1.345221523544377,35340.565449047186,29505.787692603084,151.4292228675659,36.46198339173427,37.65600249603994,35.977775644410315,14.000024000384007,8.700139202227236,216.14625834013344,5380.1660826573225,57.22711563385014,45.90073441175059,99.78159650554409,84.25394806316902,481.09849757596123,402.3292372677963,1182.0189123025968,826.7442279076465,1035.882974127586,755.706691307061,1560.875174002784,11.07
Nairobi,5.595102857283975,34.72822463141778,6.636949596226509,2.315214975427852,2.6668961301953424,2.395861630405255,0.6612253969821945,0.5181451115007533,0.8175795816560888,0.5494776875015436,1.8048644210110392,1.7074710443780408,10.814677845553552,6.510924727730719,5.869996048699776,3.1292445607882846,1.0515706418393302,1.8483132887165685,0.9958511347640333,1.0091250339564863,0.9453794482997062,0.6723384288642482,0.7147840367470922,11.57607487713926,2.1130967080730003,3.0869533005704692,0.7717383251426173,27.78257970513422,1.5434766502852346,1.5434766502852346,2.894018719284815,1.416834391129331,15434.766502852346,18864.71458029783,40.311211196997014,16.353520978934633,36.79262465117428,43.91638678290075,16.796653125231522,7.717383251426173,224.66159274442498,8993.374086261825,19.0362377447954,25.724585113476405,61.2396741412096,68.04509421381475,427.8608339713037,211.2633665077915,1108.4968389598203,497.5256525819278,1540.156323315141,898.5638721507422,404.8337058256983,15.06
Marrakech,3.850932952690005,30.80746362152004,6.674950451329342,6.674950451329342,3.3200176629458094,2.5077275387917317,2.050750161739184,0.8266669405107878,0.8964971913862332,0.8359091795972439,1.5177810410868873,1.9819468263177893,7.816880436233686,5.100689060269668,11.26834327729798,1.5660460674272687,1.386335862968402,0.8985510222943345,0.7660789287217984,0.7013832551166063,0.8338553486891424,0.23721746988570433,0.5853418088088808,7.70186590538001,2.270510068906027,4.107661816202672,0.41076618162026723,25.6728863512667,0.9242239086456012,0.6674950451329342,5.13457727025334,1.3750397929738445,32245.145257190976,29604.50507809692,35.54873227287198,8.659978024009284,36.583863050555046,26.406103985458877,22.18137380749443,6.161492724304008,99.31402047669415,7785.262736318919,31.52835827026361,44.529107918545066,94.98967949968679,81.81127347785457,470.1557830743795,290.9590363425379,707.5447478409103,450.3024266012179,1757.4425697532322,925.7026668994341,493.4801137822323,4.75
Casablanca,5.13457727025334,30.80746362152004,7.70186590538001,3.594204089177338,3.0581542221628895,2.156522453506403,0.7260292260138224,0.4549235461444459,0.9509237104509186,0.6572258905924275,1.8792552809127225,1.8977397590856346,11.91427309789585,7.016913297528214,11.48194169174052,1.5917189537785355,1.423304819314226,0.7835364914406597,0.7137062405652143,0.6140954415222996,0.6705757914950863,0.4220622516148246,0.5360498670144487,7.70186590538001,2.825044414093388,4.107661816202672,0.8215323632405345,24.64597089721603,0.8215323632405345,0.5370767824684994,4.559504615984966,1.3914704402386553,33785.518438266976,28230.104026535497,49.34636831349675,12.118629273251933,38.82356565583956,29.7487137883938,21.821953398576696,8.215323632405344,506.6133355240863,5378.535413179433,57.40457388143234,47.73103030427505,97.14106737592294,66.22372380081949,536.7964345495436,321.9646946466898,995.5678329003173,519.1406771480504,2019.920105977675,1118.5337701147064,528.3192474763553,5.1
Tel Aviv,26.006111436187503,130.0305571809375,19.50458357714063,10.402444574475002,4.073207203692868,5.344255900136533,3.7708861582471878,2.90293218906443,2.4413237110721018,3.650607892854821,3.761133866458618,4.947662700734673,18.932449125544505,15.02503088225733,24.075157662050582,4.700604642090892,3.3190299720434306,2.6981340615044536,4.082959495481438,2.1097457902607113,2.233274819582602,2.5193420453806645,2.064235095247383,16.25381964761719,3.9074182432871725,14.4658994863793,2.6006111436187505,91.02139002665626,4.291008386970938,1.1182627917560626,37.058708796567196,2.3828099603406803,57506.01391326962,56337.03920421299,315.27208894090114,11.67674403484819,34.532865223327484,98.7809635264287,22.394512710486964,15.359859566998244,1559.775047136077,29174.08165918991,121.96541187178987,88.77186138742604,158.39997399388855,176.04186983941224,2138.391522007672,1491.9608608022884,3594.802028476692,2711.679994798778,21754.45354658345,14161.140367986476,4187.942916585398,5.39
Rio de Janeiro,7.708911501695961,38.544557508479805,7.323465926611163,2.3126734505087883,2.4687789084181317,2.256783842121493,1.4627659574468086,0.9520505704594513,1.1524822695035462,1.9387912426765344,1.3702590194264572,2.204748689485045,9.03098982423682,4.093432007400555,8.803576934936787,2.4784150477952513,1.6766882516188715,1.6439253777366636,1.58418131359852,1.2796793092815295,1.0946654332408263,0.6976564909034845,0.6167129201356769,7.708911501695961,1.2642614862781376,2.578630897317299,0.9636139377119951,54.34782608695652,1.175609004008634,0.7708911501695961,8.863320999074931,1.179463459759482,22912.81221091582,31350.555041628126,114.19596053037311,11.459296947271046,20.312981806968857,27.576703669441876,28.812056737588655,7.708911501695961,588.7392075238977,13190.803268578478,44.89284613012643,45.42668825161888,78.65016959605305,62.463382670366954,634.7806814677768,344.79841196423064,1056.8917668825163,648.4254548257787,2803.118254702436,1264.0475639839656,520.5924298489053,11.12
Cairo,4.782153767285094,28.692922603710567,5.738584520742114,1.5302892055312303,1.9463365832850335,1.813966567006582,0.3550270956832454,0.1557069266628027,0.9168345202638983,0.6809786964613975,0.7383645416688186,1.2961549570849522,4.174628952689196,4.716542617597943,8.894232148698203,1.7651885985802742,0.7739437656974197,0.623401565103285,0.3494797973131947,0.35177523112149156,0.384676449040413,0.28214707226982055,0.20850190425363013,7.651446027656151,1.3097362737840417,1.9128615069140378,0.3443150712445268,6.7906583495448345,0.38257230138280757,0.22954338082968453,0.9564307534570189,0.3812332983279677,32327.35946684724,27956.470923548663,24.532448826172534,6.889362003301599,10.436572381722991,21.557757896770514,6.567427411687966,3.8257230138280756,101.85145865254209,2769.6641206480012,36.91822708344093,43.81371024356466,111.11984651199268,61.029463805790996,213.30988165125856,169.64059245146592,496.4330871480574,295.1893445962619,902.6315235750616,508.10383777404127,171.5236133188721,17.19
