city,food_budget,food_mid,food_comfort,transport_budget,transport_mid,transport_comfort,accommodation_budget,accommodation_mid,accommodation_comfort,extras_budget,extras_mid,extras_comfort,entertainment_budget,entertainment_mid,entertainment_comfort,total_budget,total_mid,total_comfort
Paris,47.63525008506294,70.31870250652149,119.08812521265736,5.670863105364636,20.188272655098103,36.29352387433367,15.503534838002345,46.51060451400703,102.77645457638651,0.8279460133832369,5.806963819893387,15.23193830100941,5,20,45,74.63759404181317,162.82454349552,318.39004196438697
London,64.33213954105318,90.86085687756996,159.17230401910066,8.887120307733122,24.40641994959544,33.29354025732856,30.42613962948225,91.27841888844674,195.64929035681126,1.6580448335322986,7.016845735508688,15.373391696511472,5,20,45,110.30344431180086,233.56254145112084,448.48852632975195
Amsterdam,60.6782352274016,83.36168764886015,136.10071452875127,7.712373823295905,22.6267437904049,31.133038448451856,24.982042266833012,74.94612680049903,166.78159615893537,1.5538164908699104,6.033798344107973,14.403992287626178,5,20,45,99.92646780840042,206.96835658387207,393.4193414237647
Barcelona,47.63525008506294,64.64783940115686,102.07553589656345,6.011114891686514,15.74231598049223,20.75535896563457,16.769422706135874,50.30826811840762,109.69566368001209,0.8506294658046955,3.822161733015765,9.402291028694567,5,20,45,76.26641714869002,154.5205852330725,286.9288495709047
Madrid,45.933991153453555,62.94658046954746,102.07553589656345,3.402517863218782,11.625269365997504,18.54372235454236,15.147555858001589,45.44266757400476,95.99939510793543,0.998071906544176,3.9355789951230573,9.992060791652488,5,20,45,70.48213678121809,143.9500964046728,271.6107141506937
Rome,45.36690484291709,62.379494159010996,102.07553589656345,3.402517863218782,14.177157763411591,25.518883974140863,12.209897546406564,36.62969263921969,86.67347170239309,0.5557445843257344,2.8127481002608596,7.8711579902461155,5,20,45,66.53506483686817,135.99909266190312,267.1390495633435
Milan,58.97697629579221,84.49586026993309,144.60700918679822,4.9903595327208805,21.32244527617103,37.65453101962119,15.622849797739216,46.86854939321764,111.30013988128992,0.5217194056935466,2.756039469207213,8.426902574571848,5,20,45,85.11190503194585,175.44289440852899,346.98858266228115
Berlin,47.63525008506294,70.31870250652149,119.08812521265736,9.073380968583418,24.27129409096064,32.89100601111489,13.982080072587047,41.94624021776114,99.31874031227552,0.9753884541227175,5.421345128728593,13.564704548032209,5,20,45,76.66609958035613,161.95758194397186,309.86257608407993
Vienna,55.57445843257344,79.95916978564138,136.10071452875127,6.805035726437564,18.713848247703297,27.10672564364296,12.09103625571812,36.273108767154355,83.51669124040679,0.9413632754905296,6.147215606215266,15.061812407848473,5,20,45,80.41189369021966,161.0933424067143,306.7859438206495
Lisbon,40.83021435862538,54.44028581150051,85.06294658046954,4.536690484291709,11.840762164001362,17.46625836452308,15.794336698045441,47.383010094136324,103.58776605799402,0.8506294658046955,3.4365430418509693,8.494952931836226,5,20,45,67.01187100676724,137.10060111148917,259.61192393482287
Athens,44.23273222184416,61.24532153793807,102.07553589656345,2.722014290575025,10.320970851763638,18.7138482477033,7.93028618955805,23.790858568674146,47.524101168197795,0.9186798230690711,4.910967449245775,11.455143472836564,5,20,45,60.80371252504631,120.26811840762163,224.7686287853011
Dublin,58.97697629579221,87.3312918226154,153.11330384484518,4.536690484291709,14.233866394465238,22.966995576726777,27.673811954179424,83.02143586253827,163.47737325620957,2.075535896563457,6.884427809912669,14.698877169105137,5,20,45,98.2630146308268,211.47102188953158,399.2565498468866
Brussels,60.11114891686514,82.79460133832369,136.10071452875127,5.670863105364636,14.744244073948055,19.05410003402518,14.447242070243092,43.34172621072928,87.13243355638727,1.122830894862198,5.500737212203697,13.145060678235225,5,20,45,86.35208498733508,166.3813088352047,300.4323087973989
Zurich,137.6750867951634,239.43493355680593,448.94050041901113,10.774572010056266,35.91524003352089,56.267209385849384,50.04605131888743,150.13815395666228,365.40404645037705,3.830958936908895,23.632227942056744,51.370764994612706,5,20,45,207.326669061016,469.12055548904584,966.9825212498504
Geneva,137.6750867951634,239.43493355680593,448.94050041901113,10.774572010056266,35.91524003352089,56.267209385849384,50.04605131888743,150.13815395666228,365.40404645037705,3.830958936908895,23.632227942056744,51.370764994612706,5,20,45,207.326669061016,469.12055548904584,966.9825212498504
Copenhagen,59.21472169080805,97.17287662081321,182.19914366402477,7.2879657465609915,18.67541222556254,26.874373690443655,17.91130950573421,53.73392851720263,126.3292945856488,1.6413106191734232,8.589171297561569,20.28635632079196,5,20,45,91.05530756227667,198.17138866113993,400.6891682609092
Stockholm,44.78298246666267,80.36945960534997,157.44017273436094,8.59673324136828,18.99278274255783,25.19042763749775,13.79685053013188,41.39055159039564,110.9994202203163,1.699354245386753,6.717447369999401,15.253203782562625,5,20,45,73.87592048354959,167.47024130830283,353.88322437473767
Oslo,67.6280250535822,104.04311546704955,187.27760784068917,9.15579416110036,26.478972886364108,44.68651809309778,20.332133369401618,60.99640010820484,127.84297813013714,2.524085981230622,7.9801069563227,17.58016522046736,5,20,45,104.64003856531481,219.4985954179412,422.38726928439144
Helsinki,48.76942270613587,82.79460133832369,153.11330384484518,7.258704774866735,22.479301349665416,40.489962572303504,11.825639862387057,35.47691958716116,81.48198555820197,1.8033344675059544,7.145287512759442,15.86707496881025,5,20,45,74.65710181089561,167.8961097879097,335.9523269441609
Porto,34.592264942724285,50.18713848247704,85.06294658046954,3.5159351253260747,10.037427696495406,16.161959850289215,12.249064307587615,36.74719292276284,83.12577974367699,0.7598956561188613,3.1870250652149257,8.018600430985597,5,20,45,56.11716003175684,120.15878416695021,237.36928660542134
Prague,33.4170306183543,49.661420502276535,83.54257654588577,3.620178316988383,11.347866647482816,16.59248395286342,13.459111323577417,40.37733397073225,78.38843275673484,0.8433158976881914,4.716906696865761,10.529149397333136,3,12,25,54.3396361566083,118.10352781735737,214.05264265281716
Budapest,34.665327924716806,56.33115787766482,102.13891263532634,3.095118564706858,10.585305491297454,17.02315210588772,8.839658620802787,26.51897586240836,58.423030901044726,0.6212521983079605,4.003876326490439,9.211753774651845,3,12,25,50.221357308534415,109.43931555786106,211.79684941691062
Warsaw,31.167212092878295,46.75081813931744,79.86598098800062,2.2855955534777417,8.778764739494054,14.284972209235885,12.011774280123976,36.035322840371926,76.10773466313438,0.693470469066542,4.989351202534933,11.685107267154953,3,12,25,49.15805239554655,108.55425692171836,206.94379512752585
Bucharest,33.23009420570396,51.5120230567385,93.56045941411796,1.9357336430507162,4.5167118337850045,5.161956381468577,5.519421860885276,16.558265582655828,41.672473867595826,0.89473910612122,4.039230868499161,9.351744311093904,3,12,25,44.579988815761176,88.62623134167849,174.74663397427628
Sofia,35.851196552115226,51.729613247136214,85.06294658046954,1.8600430985596006,6.521492571169332,10.082794601338325,7.827756984613058,23.48327095383917,50.60753846735473,0.7598956561188613,3.7654531019621182,8.937280254054667,3,12,25,49.29889229140675,97.49982987410684,179.69055990321726
Belgrade,37.57346868797118,53.559096111773826,86.9309044194706,0.0,6.133458256262647,14.343599229212648,7.861912512093859,23.585737536281577,57.87371515318352,0.6939017970549741,3.5462979508454033,9.266641231327966,3,12,25,49.129282997120015,98.82458985516345,193.4148600331947
Zagreb,36.29352387433367,56.70863105364636,102.07553589656345,1.2022229783373028,6.8730860837019385,12.475898831802201,8.64995652338286,25.949869570148575,56.90748931987448,1.292956788023137,3.720086197119201,9.028014063740502,3,12,25,50.43866016407698,105.25167290461607,205.48693811198063
Tallinn,45.36690484291709,73.72122036974027,136.10071452875127,4.536690484291709,12.4758988318022,19.280934558239764,7.641450228724811,22.92435068617443,52.46077653018789,1.0094136327549053,5.44402858115005,12.124305319269592,3,12,25,61.55445918868852,126.56549846886695,244.96673093644853
Riga,35.159351253260745,55.57445843257344,102.07553589656345,3.402517863218782,9.35692412385165,14.460700918679823,5.222638085516617,15.667914256549848,39.52969641979509,0.9073380968583419,4.4005897697629575,9.753884541227174,3,12,25,47.69184529885448,96.9998865827379,190.81981777626552
Vilnius,35.159351253260745,58.409889985255745,110.5818305546104,2.2683452421458545,9.130089599637065,15.59487353975275,8.408907035650826,25.22672110695247,55.16540017390647,0.8846546444368832,4.434614948395145,9.96937733923103,3,12,25,49.72125817549431,109.20131564024042,216.31148160750064
Ljubljana,44.23273222184416,61.24532153793807,102.07553589656345,3.402517863218782,9.322898945219462,12.816150618124077,11.384219878265473,34.152659634796414,70.6650032134891,0.9300215492798003,3.6066689350119083,9.356924123851648,3,12,25,62.94949151260822,120.32754905296586,219.9136138520283
Bangkok,14.592323246762142,28.88684397828424,53.60445274320787,2.3824201219203496,6.9983591081410275,9.082976714821331,4.191348042792236,12.574044128376707,44.743835239765765,0.578928089626645,3.3907794385231376,6.892341412715571,3,10,20,24.74501950110137,61.85002665332511,134.32360611051055
Kuala Lumpur,14.71129091577786,24.518818192963103,44.13387274733358,1.471129091577786,6.374892730170407,9.80752727718524,4.944628335580892,14.833885006742674,44.61460504270361,0.7061419639573372,3.957337256344244,8.010297903641044,3,10,20,24.833190306893872,59.684933186220434,126.56630297086348
Singapore,28.17562808170932,49.30734914299131,93.91876027236441,3.130625342412147,9.078813492995225,14.713939109337089,27.33703790665519,82.01111371996556,178.8437557068691,1.3618220239492838,6.096892854347655,12.459888862800343,3,10,20,63.00511335472594,156.49416921029976,319.936343951371
Bali,10.226329645961808,21.115358912120975,41.88088179291987,0.5109735616379699,2.266637437161646,3.5078158995060758,8.743592777913323,26.230778333739966,69.00885855477095,0.5211924967954423,2.734383227848235,6.110168809884495,3,10,20,23.002088482308544,62.34715791087082,140.50772505708142
Ho Chi Minh City,8.484266931589701,16.45363064477417,29.692818592910015,0.5399078956466173,3.181600099346138,5.379796531621651,3.8996098549701856,11.698829564910556,37.38018954343384,0.5380633388859904,2.2789909493195517,4.584002759669792,3,10,20,16.461848021092493,43.61305125835041,97.0368074276353
Hanoi,8.831350578791099,20.20798123705911,40.49309217349631,0.771296993780882,3.2780122235687488,5.206254708020953,3.9560755720445315,11.868226716133593,30.254627338145543,0.5443791043195652,2.401627556979209,4.724739393882505,3,10,20,17.10310224893608,47.75584773374066,100.6787136135453
Jakarta,6.86846461403886,13.429802761596306,25.128529075751928,0.39088823006725215,1.8985999746123676,3.1829470162619105,2.757459154432219,8.272377463296655,23.825568308861083,0.4530115380600833,2.3693790579642795,4.756081723873382,3,10,20,13.469823536598414,35.97015925746961,76.89312612474829
Manila,15.13799477340812,22.58748167505896,39.0799286124036,0.956083880425776,2.366307604053796,3.306456753139142,3.427282384685661,10.281847154056983,36.08680179318843,0.59755242526611,3.0583529861686536,6.860539231308561,3,10,20,23.118913463785667,48.29398941933839,105.33372639003974
Chiang Mai,11.614298094361704,18.836009088932762,27.918985803754097,1.786815091440262,5.65824778956083,8.04066791148118,3.4825383495189004,10.4476150485567,29.46416393432859,0.49256536020703223,2.25108921269949,4.754119353292057,3,10,20,20.376216895527897,47.192961139749784,90.17793700285591
Phuket,20.548373551563014,34.69399302546509,60.305009336108846,2.829123894780415,8.93407545720131,14.145619473902073,6.130761113741699,18.392283341225095,45.034351520132944,0.54497860288928,3.562313687301402,7.271741817131386,3,10,20,33.053237162974405,75.5826655111929,146.75672214727524
Phnom Penh,17.0,32.0,60.0,0.8,4.91,8.33,4.593866666666667,13.781600000000001,41.087333333333326,0.72,3.6799999999999997,8.04,3,10,20,26.113866666666667,64.3716,137.4573333333333
Siem Reap,13.0,22.0,34.5,2.0,7.0,11.0,3.1146666666666665,9.344,22.759999999999998,0.79,2.46,4.91,3,10,20,21.904666666666664,50.804,93.16999999999999
Tokyo,20.338741743742027,38.1351407695163,76.2702815390326,2.7965769897645285,15.508290579603294,25.42342717967753,10.254115629136605,30.76234688740981,91.52433784683912,0.8321087715908455,4.3913885767457,9.398850352622935,5,18,35,39.221543134234004,106.7971668132751,237.61689691817216
Hong Kong,22.93928735280624,46.515777132079315,95.580363970026,3.122291889687516,10.83244124993628,17.77794769842484,22.231278992710404,66.6938369781312,145.69123719223123,1.8364173930774328,6.793852270989448,13.023143192129275,5,18,35,55.1292756282816,148.83590763113625,307.07269205281136
Seoul,26.55698827228644,50.16320006987439,99.58870602107416,2.2868517678913323,7.598249422348621,13.57357178361307,8.408457299141508,25.22537189742452,63.169637041215125,1.242852297260632,5.226400538103598,10.90276498083397,5,18,35,43.49514963657991,106.21322192775114,222.23467982673634
Osaka,17.160813346282332,26.69459853866141,47.66892596189537,3.0508112615613037,12.902389293686348,21.92770594247187,7.542283396637668,22.626850189913,50.10533773328113,0.8103717413522213,3.8114166442093063,8.063993308553966,5,18,35,33.564279745833524,84.03525466647007,162.76596294620234
Beijing,14.143429260521968,23.07612142506216,40.197114740430855,1.3399038246810284,4.320445443582605,7.54812487903646,7.797485943416358,23.39245783024907,74.36585329541903,0.5702035165031488,3.7279101966681063,7.460286739418483,5,18,35,28.851022545122504,72.51693489556193,164.57137965430482
Shanghai,14.143429260521968,24.564903452485524,44.663460822700955,0.893269216454019,4.466346082270094,8.93269216454019,7.504989901095247,22.51496970328574,60.189373073888255,0.705682680998675,3.7993717339844277,7.442421355089402,5,18,35,28.24737105906991,73.34559097202579,156.22794741621883
Krakow,29.868578255675033,45.452184302114176,77.91803023219573,3.1167212092878294,8.57098332554153,12.207158069710665,10.075736325385694,30.22720897615708,60.64845116271017,0.7402212872058594,4.8672796218378265,11.37343514622617,3,12,25,46.80125707755442,101.1176562256506,187.14707461084274
Macau,18.559303160030684,40.211823513399814,83.51686422013807,1.4847442528024548,7.961941055653163,14.259731261290241,14.352527777090396,43.05758333127118,74.40218422376746,1.1581005171859147,6.437603622775977,13.037291826482889,5,18,35,40.554675707109446,115.66895152310013,220.21607153167866
Taipei,15.51675496065954,34.01147299457698,70.53070436663427,1.567348985925206,6.5828657408858655,11.911852293031568,6.3725567641557745,19.11767029246732,47.880212741502355,1.1874235917369362,4.52556346196044,8.816651515626468,5,18,35,29.64408430247746,82.23757248989061,174.13942091679465
Kyoto,24.152255820693654,30.508112615613037,47.66892596189537,2.9236941256629163,19.607818212326293,32.255973234215865,4.391473321502966,13.174419964508896,37.824008867691404,0.9692681612252059,4.359037265659561,8.606847037408032,5,18,35,37.436691429084746,85.64938805810779,161.35575510121066
Istanbul,29.052935467823616,43.32455289061417,73.39688960292283,1.712594090734866,5.025648135311243,7.003286549612219,7.785224390601936,23.355673171805805,65.08660832973145,0.5417098213193499,4.195651642051525,9.356064621883691,5,15,35,44.092463770479775,90.90152583978275,189.8428491041502
Dubai,35.12593601089176,63.172226004084415,122.53233492171546,3.2675289312457454,8.577263444520081,13.206262763784888,19.33287950987066,57.99863852961197,152.5346040390288,0.6317222600408441,6.513274336283186,14.10211027910143,5,15,35,63.35806671204901,151.26140231449966,337.3753120036306
Antalya,24.465629867640942,34.149941690248816,53.51856533546456,1.427161742279055,4.1183810277195585,5.627094869557417,5.1148552586153,15.344565775845897,32.202627064967125,0.5539426362531704,3.9599660743265837,8.657163128664747,5,15,35,36.561589504788465,72.57285456814085,135.00545039865384
Abu Dhabi,25.867937372362153,51.735874744724306,102.11027910142954,1.3614703880190606,6.262763784887679,12.525527569775356,17.83678692988428,53.51036078965283,127.567233945995,0.6181075561606535,6.050374404356705,12.599046970728386,5,15,35,50.68430224642614,132.55937372362152,289.8020875879283
Amman,21.156558533145276,42.17207334273625,84.20310296191819,1.5514809590973204,6.488011283497885,9.167842031029618,3.783544898918665,11.350634696755993,29.547719793135872,0.6346967559943583,5.105782792665726,10.1410437235543,5,15,35,32.126281147155616,80.11650211565585,168.059708509638
Doha,29.395604395604394,57.96703296703297,118.68131868131869,1.0989010989010988,9.89010989010989,17.58241758241758,17.42216117216117,52.26648351648351,131.753663003663,0.5164835164835164,6.59065934065934,13.576923076923077,5,15,35,53.43315018315018,141.7142857142857,316.59432234432234
New York,64.0,109.0,210.0,6.0,15.51,19.85,38.14666666666667,114.43999999999998,285.3813333333334,2.59,8.29,17.27,5,20,40,115.73666666666668,267.24,572.5013333333334
Los Angeles,63.0,88.0,150.0,4.0,12.65,18.55,35.129466666666666,105.3884,189.24666666666664,2.3,8.26,17.59,5,20,40,109.42946666666667,234.29840000000002,415.3866666666666
Mexico City,31.78094911731868,48.3623138741806,82.90682378430961,0.7185258061306832,3.703171462365829,7.185258061306833,9.840443054066304,29.521329162198906,74.57608819812152,1.241944220288958,4.983252821595569,10.311950742292428,5,20,40,48.581862197804625,106.57006732034091,214.9801207860304
Buenos Aires,51.0,66.5,105.0,1.22,5.779999999999999,9.879999999999999,7.0166666666666675,21.05,51.73466666666666,1.65,5.77,11.83,5,20,40,65.88666666666667,119.1,218.44466666666668
Miami,74.0,104.0,180.0,4.5,13.6,19.1,27.8788,83.63639999999998,200.6953333333333,2.16,7.640000000000001,16.400000000000002,5,20,40,113.5388,228.8764,456.1953333333333
Chicago,53.0,83.0,150.0,5.0,12.45,16.75,23.0832,69.2496,159.21066666666667,2.65,8.26,16.98,5,20,40,88.73320000000001,192.9596,382.9406666666667
San Francisco,65.0,115.0,225.0,6.0,16.240000000000002,22.6,36.9444,110.8332,227.56266666666667,2.99,8.67,17.62,5,20,40,115.9344,270.74320000000006,532.7826666666666
Cancun,33.58942330013375,50.170788056995676,82.90682378430961,1.3265091805489537,14.506483313619931,27.86221991311365,6.243436543117075,18.730309629351222,46.86999104606303,1.2563147364115717,5.068370494014127,10.243414434630733,5,20,40,47.41568376021136,108.47595149398097,207.882449178117
Sao Paulo,25.974525724400664,41.366837264786234,72.15146034555738,2.001000500250125,5.833686073806134,8.127140493323585,5.684047151781019,17.052141455343058,44.7823911955978,0.8369569400084657,2.997652672490091,6.433986223881171,5,20,40,39.49653031644027,87.25031746642551,171.49497825835994
Bogota,23.995464377323398,35.993196565985095,58.48894441972578,2.099603133015797,10.288055351777405,16.16694412422164,6.000070186733304,18.00021056019991,40.67709621527339,1.0485628006594192,3.274529048519249,6.729554979517772,5,20,40,38.14370049773192,87.55599152648166,162.06253973873856
Lima,33.40595497458243,58.09731299927378,108.93246187363835,2.6143790849673203,8.714596949891067,13.65286855482934,12.14334543694021,36.430036310820626,88.66289034132173,0.9295570079883806,5.734204793028322,12.46477850399419,5,20,40,54.093236504478334,128.9761510530138,263.7129992737836
Toronto,46.46251319957761,71.10172474480817,126.71594508975713,4.716649067229849,11.404435058078143,15.135515663498769,18.772732605889946,56.318197817669834,106.99472016895457,1.7599436818021823,5.70925730376628,11.707145371348117,5,20,40,76.71183855449958,164.53361492432245,300.5533262935586
Vancouver,52.798310454065465,73.91763463569166,126.71594508975713,4.9278423090461105,12.558958113340372,16.473072861668427,20.82600023465916,62.478000703977465,124.10653525753841,1.7529039070749737,5.814853924674409,12.038014783526926,5,20,40,85.30505690484571,174.7694473776839,319.3335679924909
Montreal,46.033086941217874,63.6325237592397,105.59662090813093,5.279831045406547,12.95318549806406,17.247448081661386,12.757667487973718,38.27300246392115,84.0863545699871,1.4642731432594156,5.2375923970432945,10.890531502991903,5,20,40,70.53485861785755,140.09630411826822,257.8209550627713
Mumbai,14.580918368728513,19.78838921470298,31.244825075846812,0.4165976676779575,1.66639067071183,2.499586006067745,4.780191614097249,14.340574842291746,42.4780826231211,0.30276235498495563,2.942950073894011,6.05764253628826,2,8,18,22.080470005488674,46.73830480160057,100.2801362413239
Delhi,14.060171284131066,20.569509841599153,35.15042821032767,0.833195335355915,2.4995860060677453,3.957677842940596,2.1096936375468367,6.32908091264051,17.02393041152559,0.30328310206955306,2.627689788878717,5.381504521646936,2,8,18,19.30634335910337,40.02586654918613,79.51354098644079
Bangalore,9.89419460735149,15.10166545332596,23.433618806885107,1.0414941691948938,2.8641089652859577,4.426350219078299,2.3858478994972017,7.157543698491604,20.862947352122582,0.2980756312235786,2.6237321110357765,5.39493979642955,2,8,18,15.619612307267166,35.7470502281393,72.11785617451554
Colombo,16.18880932669078,23.22413300604705,34.041888771078746,0.3177242951967349,1.800437672781498,2.9956862118549292,2.8936557619653964,8.68096728589619,29.898033700158642,0.48209366391184577,3.0188346962192627,6.269245014451917,2,8,18,21.88228304776476,44.724372660944006,91.20485369754422
Kathmandu,9.11306448925179,16.273329445092486,26.362793701049824,0.3905599066822196,5.435292034660891,10.577664139310116,1.1328302921735265,3.3984908765205795,11.62245962478476,0.22320498666888852,1.813564926678887,3.9046226670554907,2,8,18,12.859659674776426,34.920677282952845,70.46754013220018
Dhaka,11.38472397736717,15.0440995415209,18.296877820768664,0.8131945698119406,3.2527782792477624,5.692361988683585,0.968441003005025,2.905323009015075,9.899288563177358,0.2793323347304016,2.58587741254499,5.23778622415871,2,8,18,15.445691884914538,31.78807824232873,57.12631459678832
Sydney,52.896988245113725,77.24142727968282,135.6333031925993,7.7902204910621125,16.762885163803297,19.962440008346668,22.24905520391366,66.74716561174097,162.06997287333937,1.2102663977185784,4.95931000904222,11.46275300827711,5,15,30,89.14653033780809,180.7107880642693,359.12846908256245
Melbourne,45.90665646518745,70.25109549975656,125.19997217778396,7.651109410864575,15.330041037768657,17.527996104889752,17.08107857457513,51.24323572372539,113.76782360715032,1.606732976281561,5.404465465674341,12.172219517284551,5,15,30,77.24557742690872,157.22883772692495,298.66801140710857
Auckland,37.65077217901026,58.78705895614925,105.68143388569496,5.072708826513358,13.245406380340434,16.627212264682672,14.846729042197422,44.540187126592265,83.52045992560028,1.1272686281140796,4.520347198737459,9.93687295682561,5,15,30,63.69747867583512,136.0929996618194,245.7659790328035
Cape Town,30.15369245670356,42.337002540220155,73.09986050109954,2.253912365450569,6.761737096351707,9.137482562637443,8.615630780726816,25.846892342180443,68.22653646769291,1.1494953063797904,3.5678823579578336,7.479943225775012,5,15,30,47.172730909260736,93.51351433671013,187.94382275720488
Johannesburg,30.30598383274752,39.44346639538496,63.9623779384621,3.654993025054977,7.370902600527537,7.492735701362703,5.446248251187366,16.338744753562096,32.56265774848369,1.118427865666823,3.5215857796404704,7.067538179447975,5,15,30,45.52565297465668,81.67469952911506,141.08530956775647
Nairobi,17.820595207879943,29.585273862432715,52.07316781523359,1.5429086760069213,7.714543380034606,12.34326940805537,2.8158083337126314,8.447425001137894,28.513559210020468,0.7145210078588053,3.1095010001905488,6.165463069323658,5,15,30,27.8938332254583,63.85674324379576,129.0954595026331
Marrakech,14.454746319202098,26.070167468560925,46.461684597435315,0.8259855039544056,3.768558861791975,6.143267185660892,3.9004825131985608,11.701447539595682,31.513618435996452,0.588514671567514,3.1098354223883375,7.693022487455346,5,15,30,24.769729007922578,59.65000929233692,121.81159270654801
Casablanca,18.068432899002623,28.393251698432696,46.461684597435315,1.6519710079088112,4.097920581493796,5.17789662791418,4.316132185213483,12.94839655564045,35.980410377131214,0.5389555413302497,2.7071674892105646,5.605344126210586,5,15,30,29.57549163345517,63.1467363247775,123.22533572869129
Tel Aviv,71.6682411962081,110.76000912141251,195.45883962602207,5.212235723360589,12.874222236700653,18.50343681793009,19.934933924053382,59.80480177216015,142.8613002356365,2.0686060527087338,7.424178258461739,16.55862136365117,5,15,35,103.8840168963308,205.86321138873507,408.38219804323984
Rio de Janeiro,22.703659522068726,34.24789317735791,57.721168276445916,1.9240389425481972,5.406549428560433,7.369069149959595,4.589705108964739,13.769115326894214,42.2486884467875,0.6156924616154231,2.8687420633393623,6.582137222457383,5,20,40,34.83309603519709,76.29229999615193,153.9210630956504
Cairo,15.392311540385577,25.012506253126563,43.290876207334435,0.692654019317351,1.7701158271443416,2.308846731057837,2.2750913918497715,6.825274175549313,14.303754441323228,0.20972024473775353,2.034286373956209,4.2159541309116095,5,15,30,23.569777196290453,50.64218262977642,94.11943151062711
